round,item_id,category,priority,evidence_strength,product_name_zh,product_name_ko,brand,item_type,korea_buy_locations,korea_price_krw_observed_or_range,taiwan_availability,why_buy_tw_consumer,risks,bringback_status,korea_source_url,taiwan_source_url,blockers,popularity_keep_or_drop,popularity_confidence_level,best_popularity_signal,rating_or_review_count,popularity_reason,recommended_rank_delta,popularity_rank
第三輪新增,KCAT-NOLITTER-047,砂盆,B｜可順手買,strong,CatsTag BESPOKE Myorae Box Long 大型砂盆,캣츠태그 BESPOKE 묘래박스 롱 고양이 화장실 대형,CatsTag / 캣츠태그,塑膠開放式大砂盆,Naver Gift/SmartStore / 코니허브,"約48,800 KRW",台灣主流通路未確認,韓國貓家庭討論度高的大型砂盆，適合大貓,非常佔行李；性價比需評估,可攜回候選：非食品、非動物來源、非植物材料；液體/電池/利器/大型品依航空規定處理,https://shopping.naver.com/gift/products/5164371075,https://shopee.tw/search?keyword=CatsTag%20%E8%B2%93%E7%A0%82%E7%9B%86,確認行李箱尺寸；原清單ID：KCAT100-066,keep,high,Korea very high,"Korea Naver product 4.93/5, 4,688 reviews",最強砂盆人氣證據，保留上調。,4,1
第四輪新增,KCAT-POP-086,玩具,A,high,Petmorn 瓢蟲機器蟲貓玩具,펫모닝 무당벌레 로봇버그 1p,Petmorn / 펫모닝,機器蟲玩具,PetFriends,"3,750 KRW",台灣有相似機器蟲玩具,小型塑膠電子蟲可激發追逐本能,小零件/電池需防咬；地面使用需監督,可攜回候選：非食品、非貓砂本體、非植物/動物來源材料；大型/電子/利器依航空與保固規範處理,https://m.pet-friends.co.kr/product/detail/27748,https://shopee.tw/search?keyword=%E8%B2%93%20%E6%A9%9F%E5%99%A8%E8%9F%B2%20%E7%93%A2%E8%9F%B2,,keep,high,Korea very high,"PetFriends 4.5/5, 6,813 reviews","韓國 6,000+ 評論，強人氣玩具。",4,2
第四輪新增,KCAT-POP-090,家具,A,high,Graydog 白色窗邊貓吊床,그레이독 윈도우 해먹 화이트,Graydog / 그레이독,窗邊吸盤吊床,PetFriends,"29,900 KRW",台灣有相似窗邊吊床,不佔地窗邊休息平台，適合小宅貓,吸盤/承重需定期檢查,可攜回候選：非食品、非貓砂本體、非植物/動物來源材料；大型/電子/利器依航空與保固規範處理,https://m.pet-friends.co.kr/product/detail/348849,https://shopee.tw/search?keyword=%E8%B2%93%20%E7%AA%97%E9%82%8A%20%E5%90%8A%E5%BA%8A%20%E5%90%B8%E7%9B%A4,,keep,high,Korea very high,"PetFriends 4.5/5, 5,685 reviews","韓國窗邊吊床 5,000+ 評論，強人氣。",4,3
第四輪新增,KCAT-POP-095,玩具,A,high,Cat’s Favorite Kitty Boinks 彈簧玩具12入,캣츠 페이버릿 키티보잉스 12p,Cat’s Favorite,塑膠彈簧玩具,PetFriends,"2,900 KRW",台灣有相似塑膠彈簧玩具,低成本塑膠彈跳玩具，無羽毛/草類,小玩具需避免誤吞；破損即丟棄,可攜回候選：非食品、非貓砂本體、非植物/動物來源材料；大型/電子/利器依航空與保固規範處理,https://m.pet-friends.co.kr/product/detail/27327,https://shopee.tw/search?keyword=Kitty%20Boinks%20%E8%B2%93%20%E5%BD%88%E7%B0%A7,,keep,high,Korea very high,"PetFriends 4.5/5, 4,663 reviews",超高評論、輕小、非植物/動物材料。,4,4
第三輪新增,KCAT-NOLITTER-045,清潔周邊,A｜優先買,strong,LabCat 不鏽鋼細孔貓砂鏟,랩캣 고양이 모래삽 스테인리스 화장실 촘촘삽 슈퍼 똥삽,LabCat / 랩캣,不鏽鋼砂鏟,Naver Shopping / 코니허브 / 오늘의집,"約6,500 KRW",台灣有泛用不鏽鋼砂鏟；此品牌未見主流通路,金屬材質輕小耐用，比塑膠鏟更好清洗,邊緣與孔徑需確認,可攜回候選：非食品、非動物來源、非植物材料；液體/電池/利器/大型品依航空規定處理,https://conyhub.kr/products/16785/,https://shopee.tw/search?keyword=%E4%B8%8D%E9%8F%BD%E9%8B%BC%20%E8%B2%93%E7%A0%82%E9%8F%9F,托運較安全；原清單ID：KCAT100-064,keep,high,Korea high review-count signal,Korea Conyhub/LabCat listing 800+ reviews,本批最強工具項之一，高評論數，上調。,3,5
第三輪新增,KCAT-NOLITTER-056,隧道/躲藏,A｜優先買,strong,迷宮式毛氈隧道,펫홀릭 미로터널,펫홀릭,可組合隧道/躲藏屋,PetFriends / Coupang / Naver Shopping,"約29,600–34,500 KRW",台灣未見同品牌常態販售,可折疊互動性高，適合可變換空間的貓家庭,需監督接縫與啃咬,可攜回候選：非食品、非動物來源、非植物材料；液體/電池/利器/大型品依航空規定處理,https://blog.naver.com/songmin3466/224205910142,https://www.google.com/search?q=%E5%8F%B0%E7%81%A3+%ED%8E%AB%ED%99%80%EB%A6%AD+%EB%AF%B8%EB%A1%9C%ED%84%B0%EB%84%90,只選合成纖維且不附貓薄荷/木天蓼版本；原清單ID：KCAT100-075,keep,high,Korea very high,"KR PetFriends 4.6/5, 6,168 reviews; Naver Shopping 4.69/5, 1,170 reviews",本批最強人氣訊號之一，上調。,3,6
第三輪新增,KCAT-NOLITTER-069,餵食/飲水工具,A｜優先買,strong,PETLIBRO Granary Camera 影像自動餵食器,펫리브로 카메라 자동급식기,PETLIBRO,Wi‑Fi攝影機自動餵食器,LotteON / Naver Shopping / Coupang / 韓國部落格,"約220,000–398,000 KRW",台灣蝦皮/電商可見PETLIBRO同品牌,可遠端看進食、錄音提醒，功能差異明顯,App地區、2.4GHz、保固、隱私需確認,可攜回候選：非食品、非動物來源、非植物材料；液體/電池/利器/大型品依航空規定處理,https://search.naver.com/search.naver?where=nexearch&query=PETLIBRO%20%EC%9E%90%EB%8F%99%EA%B8%89%EC%8B%9D%EA%B8%B0%20%EA%B3%A0%EC%96%91%EC%9D%B4,https://shopee.tw/search?keyword=PETLIBRO%20%E8%87%AA%E5%8B%95%E9%A4%B5%E9%A3%9F%E5%99%A8%20%E8%B2%93,確認韓版/美版、插頭與App功能；原清單ID：KCAT100-088,keep,high,Taiwan high,PETLIBRO 自動餵食器台灣能見度高；韓國 LotteON/Naver 可見,智慧影像餵食器熱門，上調。,3,7
第四輪新增,KCAT-POP-067,自動貓砂盆,A,high,PETKIT PURA MAX 2 全自動智能貓砂機,펫킷 퓨라맥스2 고양이 자동화장실,PETKIT,自動貓砂盆,Danawa / PETKIT Korea / Naver Pay,"399,000–505,000 KRW",momo PETKIT PURA MAX listings,多貓家庭省鏟砂；APP/除臭配件生態完整,體積大；售後/耗材/電壓與APP區域需確認,可攜回候選：非食品、非貓砂本體、非植物/動物來源材料；大型/電子/利器依航空與保固規範處理,https://search.danawa.com/dsearch.php?query=%ED%8E%AB%ED%82%B7%20%ED%93%A8%EB%9D%BC%EB%A7%A5%EC%8A%A42%20%EA%B3%A0%EC%96%91%EC%9D%B4%EC%9E%90%EB%8F%99%ED%99%94%EC%9E%A5%EC%8B%A4,https://www.momoshop.com.tw/search/PETKIT%20PURA%20MAX?viewport=desktop,Naver Shopping/Coupang blocked,keep,high,Korea+Taiwan marketplace depth,Danawa 34; momo 25/brand 19,大型智能砂盆在韓台都有明顯通路深度。,3,8
第四輪新增,KCAT-POP-070,自動貓砂盆,A,high,Neakasa M1 開放式全自動貓砂機,니카사 M1 오픈형 고양이 자동화장실,Neakasa,開放式自動貓砂盆,Danawa / overseas purchase / open market,"1,119,300 KRW observed; accessories 34,230–129,150",momo Neakasa M1/M1+,開放式設計，適合怕封閉箱的貓,價格高；韓國海外購售後需確認,可攜回候選：非食品、非貓砂本體、非植物/動物來源材料；大型/電子/利器依航空與保固規範處理,https://search.danawa.com/dsearch.php?query=%EB%8B%88%EC%B9%B4%EC%82%AC%20M1%20%EA%B3%A0%EC%96%91%EC%9D%B4%20%EC%9E%90%EB%8F%99%ED%99%94%EC%9E%A5%EC%8B%A4,https://www.momoshop.com.tw/search/Neakasa%20M1%20%E8%B2%93%E7%A0%82%E6%A9%9F?viewport=desktop,Naver/Coupang blocked,keep,high,Very high KR marketplace count,Danawa 70; momo 3,韓國列表深度高且台灣有精準 M1/M1+ 商品。,3,9
第四輪新增,KCAT-POP-071,自動貓砂盆,A,high,Petree 二代開放式自動貓砂機,펫트리 2세대 오픈형 고양이 자동화장실,Petree,開放式自動貓砂盆,Danawa / open market,"545,400–836,360 KRW",momo Petree listings,開放式自動砂盆，台灣可買耗材袋,與既有 Petree 餵食器不同類別；需核型號,可攜回候選：非食品、非貓砂本體、非植物/動物來源材料；大型/電子/利器依航空與保固規範處理,https://search.danawa.com/dsearch.php?query=%ED%8E%AB%ED%8A%B8%EB%A6%AC%20%EA%B3%A0%EC%96%91%EC%9D%B4%20%EC%9E%90%EB%8F%99%20%ED%99%94%EC%9E%A5%EC%8B%A4,https://www.momoshop.com.tw/search/Petree%20%E8%87%AA%E5%8B%95%E8%B2%93%E7%A0%82%E7%9B%86?viewport=desktop,Naver/Coupang blocked,keep,high,Very high KR listing count,Danawa 82; momo 2 exact-brand goods,韓國市場能見度高，台灣也有品牌/耗材線索。,3,10
第四輪新增,KCAT-POP-079,清潔周邊,A,high,Blackhole 黑洞貓砂防帶出墊,블랙홀 고양이 사막화 방지 매트,Blackhole,貓砂墊/cleaning mat,Danawa / open market,"42,500–51,870 KRW",momo honeycomb/blackhole-style mats,砂盆前方落砂收集，降低清掃頻率,品牌/通用款混用多，需確認正品與尺寸,可攜回候選：非食品、非貓砂本體、非植物/動物來源材料；大型/電子/利器依航空與保固規範處理,https://search.danawa.com/dsearch.php?query=%EB%B8%94%EB%9E%99%ED%99%80%20%EA%B3%A0%EC%96%91%EC%9D%B4%20%EC%82%AC%EB%A7%89%ED%99%94%20%EB%A7%A4%ED%8A%B8,https://www.momoshop.com.tw/search/%E9%BB%91%E6%B4%9E%20%E8%B2%93%E7%A0%82%E5%A2%8A?viewport=desktop,Naver/Coupang blocked,keep,high,Very high KR search count,Danawa 857; momo 30,韓國貓砂墊類別高度熱門，非砂本體且行李友善。,3,11
第四輪新增,KCAT-POP-081,耗材/收納,A,high,CATLINK 自動貓砂機專用集便袋,캣링크 자동화장실 전용 배변봉투,CATLINK,自動貓砂機垃圾袋,Danawa / open market,"17,400–55,400 KRW",momo/search; CATLINK ecosystem present,CATLINK 機主必買耗材，輕量易囤,尺寸/代數相容性需核對,可攜回候選：非食品、非貓砂本體、非植物/動物來源材料；大型/電子/利器依航空與保固規範處理,https://search.danawa.com/dsearch.php?query=%EC%BA%A3%EB%A7%81%ED%81%AC%20%EB%B0%B0%EB%B3%80%EB%B4%89%ED%88%AC,https://www.momoshop.com.tw/search/CATLINK%20%E5%9E%83%E5%9C%BE%E8%A2%8B?viewport=desktop,Taiwan bag query mixed,keep,high,Very high KR listing count,Danawa 551; momo mixed 30,CATLINK 耗材韓國需求強，非食品且行李友善。,3,12
第四輪新增,KCAT-POP-084,玩具,A,high,貓島 波浪衝浪自動逗貓玩具,고양이섬 파도타기 자동장난감,고양이섬,自動獵捕遊戲玩具,PetFriends,"28,000 KRW",台灣未確認，可查跨境代購,波浪式隱藏動作可提高追捕興趣,電子玩具需檢查轉動部與外殼,可攜回候選：非食品、非貓砂本體、非植物/動物來源材料；大型/電子/利器依航空與保固規範處理,https://m.pet-friends.co.kr/product/detail/348807,https://shopee.tw/search?keyword=%E9%9F%93%E5%9C%8B%20%E8%B2%93%20%E6%B3%A2%E6%B5%AA%20%E8%87%AA%E5%8B%95%20%E7%8E%A9%E5%85%B7,,keep,high,Korea high,"PetFriends 4.6/5, 816 reviews",韓國貓用品平台 800+ 評論，人氣明確。,3,13
第四輪新增,KCAT-POP-088,玩具,A,high,貓島 橘色機器魚玩具,고양이섬 로봇 물고기 오렌지,고양이섬,機器魚玩具,PetFriends,"3,200 KRW",台灣有相似機器魚玩具,塑膠魚形玩具，互動性高,需確認防水與電池蓋，避免咬破,可攜回候選：非食品、非貓砂本體、非植物/動物來源材料；大型/電子/利器依航空與保固規範處理,https://m.pet-friends.co.kr/product/detail/71884,https://shopee.tw/search?keyword=%E8%B2%93%20%E6%A9%9F%E5%99%A8%E9%AD%9A%20%E7%8E%A9%E5%85%B7,,keep,high,Korea high,"PetFriends 4.3/5, 2,369 reviews","韓國 2,000+ 評論，價格低、易攜帶。",3,14
第四輪新增,KCAT-POP-091,貓床/窩,A,high,Dr.Felis For Cat Nest 貓窩,닥터펠리스 포캣네스트 브라운/그레이,Dr.Felis / 닥터펠리스,貓床/貓窩,PetFriends,"13,500 KRW",台灣未確認,軟質貓窩，適合喜歡包覆感的貓,需確認布料清潔性,可攜回候選：非食品、非貓砂本體、非植物/動物來源材料；大型/電子/利器依航空與保固規範處理,https://m.pet-friends.co.kr/product/detail/176024,https://shopee.tw/search?keyword=Dr.Felis%20For%20Cat%20Nest,,keep,high,Korea high,"PetFriends 4.8/5, 2,398 reviews","2,000+ 評論且評分高。",3,15
第四輪新增,KCAT-POP-094,隧道/躲藏,A,high,貓島 起司餃子遊戲隧道,고양이섬 치즈만두 놀이터널,고양이섬,合成纖維遊戲隧道,PetFriends,"12,900 KRW",台灣未確認,造型躲藏隧道，兼顧玩耍與休息,布料/金屬圈需檢查破損；非紙/木/植物草類,可攜回候選：非食品、非貓砂本體、非植物/動物來源材料；大型/電子/利器依航空與保固規範處理,https://m.pet-friends.co.kr/product/detail/124964,https://shopee.tw/search?keyword=%E9%9F%93%E5%9C%8B%20%E8%B2%93%20%E9%9A%A7%E9%81%93%20%E8%B5%B7%E5%8F%B8,,keep,high,Korea high,"PetFriends 4.7/5, 2,466 reviews","2,000+ 韓國評論且行李可壓縮。",3,16
第四輪新增,KCAT-POP-099,玩具,A,high,Paws Life 長尾鼠尾逗貓玩具,포우즈라이프 쥐꼬리 롱테일 그린/옐로우/핑크/블루,Paws Life / 포우즈라이프,合成尾巴型追逐玩具,PetFriends,"3,800 KRW",台灣有相似鼠尾逗貓玩具,不含羽毛/草類的尾巴型追逐玩具,長條配件需監督，避免咬斷吞食,可攜回候選：非食品、非貓砂本體、非植物/動物來源材料；大型/電子/利器依航空與保固規範處理,https://m.pet-friends.co.kr/product/detail/194951,https://shopee.tw/search?keyword=%E8%B2%93%20%E9%BC%A0%E5%B0%BE%20%E9%80%97%E8%B2%93%20%E9%95%B7%E5%B0%BE,,keep,high,Korea high,"PetFriends 4.7/5, 2,206 reviews","2,000+ 韓國評論且高評分。",3,17
第四輪新增,KCAT-POP-101,餵食,A,high,meoof 蛋捲餵食器4L 視訊版獨享碗,미오프 에그롤 4L 영상 자동급식기,meoof,視訊自動餵食器,Naver/Coupang search path; exact blocked,not observed,"momo i_code=13558925, TWD 3740",4L、camera/video monitoring、app feeding，台灣評論強,狗貓共用 SKU；app/cloud支援需確認,可攜回候選：非食品、非貓砂本體、非植物/動物來源材料；大型/電子/利器依航空與保固規範處理,https://search.shopping.naver.com/search/all?query=meoof%20%EB%8B%A8%EA%B3%84%20%EC%9E%90%EB%8F%99%EA%B8%89%EC%8B%9D%EA%B8%B0,https://www.momoshop.com.tw/goods/GoodsDetail.jsp?i_code=13558925,Naver Shopping access restriction,keep,high,Taiwan momo 283 reviews,"4.8/5, 283 reviews",台灣 momo 自動餵食器中評論數高，韓國頁阻擋不作負面證據。,3,18
第四輪新增,KCAT-POP-104,飲水,A,high,MIIIBO 貓咪寶 無線水泵寵物飲水機,미이보/고양이보 무선펌프 반려동물 정수기,MIIIBO,無線泵飲水機,Naver Shopping search path; exact blocked,not observed,"momo i_code=10250813, TWD 790",無線泵、易清洗，台灣評論量很高,韓國保固不確定；需確認濾芯與馬達耗材,可攜回候選：非食品、非貓砂本體、非植物/動物來源材料；大型/電子/利器依航空與保固規範處理,https://search.shopping.naver.com/search/all?query=MIIIBO%20%EA%B3%A0%EC%96%91%EC%9D%B4%20%EC%A0%95%EC%88%98%EA%B8%B0,https://www.momoshop.com.tw/goods/GoodsDetail.jsp?i_code=10250813,Naver Shopping access restriction,keep,high,Taiwan momo 249 reviews,"4.9/5, 249 reviews",台灣飲水機評論訊號最強之一。,3,19
第四輪新增,KCAT-POP-109,外出旅行,A,high,HiDREAM 寵物托特胸前包,하이드림 반려동물 토트/가슴 외출가방,HiDREAM,軟式外出包/胸前包,Naver Shopping search path; exact blocked,not observed,"momo i_code=12032743, TWD 783",輕量外出包，適合短程看診與外出,狗貓共用；需確認尺寸與防逃拉鍊,可攜回候選：非食品、非貓砂本體、非植物/動物來源材料；大型/電子/利器依航空與保固規範處理,https://search.shopping.naver.com/search/all?query=HiDREAM%20%EA%B3%A0%EC%96%91%EC%9D%B4%20%EC%9D%B4%EB%8F%99%EA%B0%80%EB%B0%A9,https://www.momoshop.com.tw/goods/GoodsDetail.jsp?i_code=12032743,Naver Shopping access restriction,keep,high,Taiwan momo 104 reviews,"4.9/5, 104 reviews",台灣外出包評論量高，行李可攜。,3,20
第四輪新增,KCAT-POP-112,美容,A,high,URBANER 奧本 CT-21 寵物安全指甲剪 小,어바너 CT-21 소형 반려동물 안전 발톱깎이,URBANER,小型安全指甲剪,Naver Shopping search path; exact blocked,not observed,"momo i_code=9141765, TWD 379",小尺寸明確適合貓/小型犬，台灣評分高,利器建議託運；需避免剪到血線,可攜回候選：非食品、非貓砂本體、非植物/動物來源材料；大型/電子/利器依航空與保固規範處理,https://search.shopping.naver.com/search/all?query=URBANER%20CT-21%20%EA%B3%A0%EC%96%91%EC%9D%B4%20%EB%B0%9C%ED%86%B1%EA%B9%8E%EC%9D%B4,https://www.momoshop.com.tw/goods/GoodsDetail.jsp?i_code=9141765,Naver Shopping access restriction,keep,high,Taiwan momo 84 reviews,"5.0/5, 84 reviews",台灣貓指甲剪高評價、高評論數。,3,21
第四輪新增,KCAT-POP-114,健康工具,A,high,Virbac C.E.T. 寵物專用迷你牙刷 3支組,버박 C.E.T. 반려동물 미니 칫솔 3개입,Virbac,迷你牙刷組,Naver Shopping search path; exact blocked,not observed,"momo i_code=9618520, TWD 227",牙刷工具-only，小刷頭適合貓,避免買牙膏/化學套組，只列牙刷,可攜回候選：非食品、非貓砂本體、非植物/動物來源材料；大型/電子/利器依航空與保固規範處理,https://search.shopping.naver.com/search/all?query=Virbac%20C.E.T.%20%EB%AF%B8%EB%8B%88%20%EC%B9%AB%EC%86%94%20%EA%B3%A0%EC%96%91%EC%9D%B4,https://www.momoshop.com.tw/goods/GoodsDetail.jsp?i_code=9618520,Naver Shopping access restriction,keep,high,Taiwan momo 68 reviews,"4.9/5, 68 reviews",獸醫牙科品牌工具，台灣評論強。,3,22
第四輪新增,KCAT-POP-115,健康工具,A,high,MAOUP 毛起來 口腔對策 軟膠護齦指套刷3入,마오업 실리콘 잇몸보호 손가락 칫솔 3개입,MAOUP,矽膠指套牙刷,Naver Shopping search path; exact blocked,not observed,"momo i_code=10055270, TWD 149",柔軟指套刷，適合刷牙訓練；不含牙膏,需排除凝膠/牙膏套組；手指尺寸因人而異,可攜回候選：非食品、非貓砂本體、非植物/動物來源材料；大型/電子/利器依航空與保固規範處理,https://search.shopping.naver.com/search/all?query=MAOUP%20%EA%B3%A0%EC%96%91%EC%9D%B4%20%EC%86%90%EA%B0%80%EB%9D%BD%20%EC%B9%AB%EC%86%94,https://www.momoshop.com.tw/goods/GoodsDetail.jsp?i_code=10055270,Naver Shopping access restriction,keep,high,Taiwan momo 97 reviews,"4.8/5, 97 reviews",高評論牙刷工具，不與 PETHROOM 牙刷重複。,3,23
第二輪,KCAT-NOLITTER-004,砂盆工具,B｜可順手買,weak,Scoopers Combi Scoop 複合砂鏟,스쿠퍼즈 콤비 스쿱,Scoopers,貓砂鏟,Naver SmartStore,待查,未見主流台灣正式通路,小工具，可配不同顆粒砂,確認孔徑；塑膠件可能斷裂,可攜回候選：非食品、非動物來源、非植物材料；仍需遵守航空/海關規定,https://smartstore.naver.com/main/products/8446156449,https://shopee.tw/search?keyword=%EC%8A%A4%EC%BF%A0%ED%8D%BC%EC%A6%88%20%EC%BD%A4%EB%B9%84%20%EC%8A%A4%EC%BF%B1,原清單ID：KCAT100-012,keep,high,Korea official-store review signal,"Korea: 4.8/5, 57 reviews",Scoopers 官方/商店評論較 Mango 工具強，建議上調。,2,24
第二輪,KCAT-NOLITTER-019,美容,A｜優先買,medium,PETHROOM Healing Brush 貓狗梳/按摩梳,페스룸 힐링 브러쉬 고양이,PETHROOM,梳毛刷,PETHROOM Korea / Coupang / Naver,"約18,000–32,000 KRW",台灣較少/平輸,韓國品牌非液體，短毛貓梳理可買,犬貓共用需貓接受；長毛打結需排梳,可攜回候選：非食品、非動物來源、非植物材料；仍需遵守航空/海關規定,https://search.naver.com/search.naver?where=nexearch&query=%ED%8E%98%EC%8A%A4%EB%A3%B8%20%ED%9E%90%EB%A7%81%20%EB%B8%8C%EB%9F%AC%EC%89%AC%20%EA%B3%A0%EC%96%91%EC%9D%B4,https://www.google.com/search?q=PETHROOM%20%E8%B2%93%20%E6%A2%B3%20%E5%8F%B0%E7%81%A3,原清單ID：KCAT100-027,keep,high,Korea high,PETHROOM 韓國品牌強，官方/Naver/Coupang 能見度強,韓國本土品牌強項商品，上調。,2,25
第二輪,KCAT-NOLITTER-020,美容,B｜可順手買,strong,FURminator 貓用除毛梳 S/L,퍼미네이터 고양이 브러쉬,FURminator,除毛梳,Coupang / Naver Shopping / Pet Friends,"約36,000–44,000 KRW",台灣常見,韓國若低於台灣可買；換毛季實用,刀片型勿過度梳；買貓用尺寸,可攜回；刀片工具建議託運,https://search.naver.com/search.naver?where=nexearch&query=FURminator%20%EA%B3%A0%EC%96%91%EC%9D%B4%20%EB%B8%8C%EB%9F%AC%EC%89%AC,https://www.google.com/search?q=FURminator%20%E8%B2%93%20%E5%8F%B0%E7%81%A3,原清單ID：KCAT100-028,keep,high,Korea/Taiwan high,FURminator 台韓通路常見，除毛梳代表品牌,代表品牌，人氣/信任度明確。,2,26
第二輪,KCAT-NOLITTER-029,抓板,B｜可順手買,weak,Garigari Wall 貓用直立抓板,가리가리 월 고양이 스크래쳐,Garigari,直立紙抓板,Coupang / Naver Shopping / Pet Friends,"約20,000–45,000 KRW",台灣有平輸/同類,直立抓板可滿足站立伸展，非食品好帶,紙材怕潮；確認不含貓草包,可攜回候選：非食品、非動物來源、非植物材料；仍需遵守航空/海關規定,https://search.naver.com/search.naver?where=nexearch&query=%EA%B0%80%EB%A6%AC%EA%B0%80%EB%A6%AC%20%EC%9B%94%20%EA%B3%A0%EC%96%91%EC%9D%B4%20%EC%8A%A4%ED%81%AC%EB%9E%98%EC%B3%90,https://www.google.com/search?q=%E5%8A%A0%E9%87%8C%E5%8A%A0%E9%87%8C%20%E8%B2%93%20%E6%8A%93%E6%9D%BF%20%E5%8F%B0%E7%81%A3,原清單ID：KCAT100-037,keep,high,Korea high,"KR Coupang 4.6/5, 2,716 reviews",Garigari Wall 韓國高評論高評分，保留上調。,2,27
第二輪,KCAT-NOLITTER-038,家居小物,B｜可順手買,medium,Necono 猫壱 Happy Dining 高腳貓碗,네코이치 해피다이닝 고양이 식기,Necoichi,高腳陶瓷碗,Coupang / Naver Shopping / Pet Friends,"約18,000–35,000 KRW",台灣有進口,非食品、設計實用，適合送禮,陶瓷易碎；確認碗高適合貓,可攜回候選：非食品、非動物來源、非植物材料；仍需遵守航空/海關規定,https://search.naver.com/search.naver?where=nexearch&query=%EB%84%A4%EC%BD%94%EC%9D%B4%EC%B9%98%20%ED%95%B4%ED%94%BC%EB%8B%A4%EC%9D%B4%EB%8B%9D%20%EA%B3%A0%EC%96%91%EC%9D%B4%20%EC%8B%9D%EA%B8%B0,https://www.google.com/search?q=Necoichi%20Happy%20Dining%20%E8%B2%93%E7%A2%97%20%E5%8F%B0%E7%81%A3,原清單ID：KCAT100-046,keep,high,Korea high,"KR Coupang 4.5/5, 551 reviews; TW PChome Necoichi 95 results",Necoichi 高腳貓碗韓國評論數高，保留上調。,2,28
第三輪新增,KCAT-NOLITTER-050,玩具,A｜優先買,strong,不倒翁自動雷射逗貓玩具,내꼬냥 스마트 자동 레이저 토이 텀블러,내꼬냥,USB充電雷射玩具,Naver SmartStore / Coupang / 韓國貓展,"約23,400–32,000 KRW",台灣未見穩定代理，多為相似款,體積小、非食品，韓國限定感玩具伴手禮,雷射不可照眼；需搭配實體玩具收尾,可攜回候選：非食品、非動物來源、非植物材料；液體/電池/利器/大型品依航空規定處理,https://blog.naver.com/wjdal628/224181708679,https://www.google.com/search?q=%E5%8F%B0%E7%81%A3+%E5%85%A7%E5%93%88%E7%BE%8A+%E8%87%AA%E5%8B%95%E9%9B%B7%E5%B0%84+%E8%B2%93,確認內建電池容量與航空規範；原清單ID：KCAT100-069,keep,high,Korea high,"KR PetFriends 4.5/5, 126 reviews; SmartStore snippets 118/282",韓國本地品牌小型電子玩具，保留上調。,2,29
第三輪新增,KCAT-NOLITTER-057,隧道/躲藏,B｜可順手買,strong,毛氈帳篷躲藏屋,펫초이스 고양이 텐트 숨숨집 댕피스텔,펫초이스,帳篷式躲藏屋,Coupang / Naver Shopping,"約39,900–78,200 KRW",台灣未見同品牌穩定販售,可作貓窩與躲藏空間；非食品候選,占空間；需可壓縮收納,可攜回候選：非食品、非動物來源、非植物材料；液體/電池/利器/大型品依航空規定處理,https://blog.naver.com/tnghdzld/223964625952,https://www.google.com/search?q=%E5%8F%B0%E7%81%A3+%ED%8E%AB%EC%B4%88%EC%9D%B4%EC%8A%A4+%EB%8C%95%ED%94%BC%EC%8A%A4%ED%85%94,只選合成材質、無木質配件或植物填充版本；原清單ID：KCAT100-076,keep,high,Korea high,"KR Naver Store 4.8/5, 2,435 reviews; Coupang 4.7/5, 756 reviews",韓國同款/同系列評論量高，上調。,2,30
第三輪新增,KCAT-NOLITTER-059,家具,A｜優先買,strong,透明壓克力窗台貓吊床,캣돌 고양이 창문 냥틀 아크릴 해먹,캣돌,壓克力窗台吊床/平台,Naver SmartStore / Coupang,"約35,280–75,430 KRW",台灣未見同品牌穩定販售,壓克力材質拍照效果好，比大型貓家具更適合帶回,吸盤/螺絲固定需檢查；壓克力可能刮傷,可攜回候選：非食品、非動物來源、非植物材料；液體/電池/利器/大型品依航空規定處理,https://blog.naver.com/ri_eun67/224253046225,https://www.google.com/search?q=%E5%8F%B0%E7%81%A3+%EC%BA%A3%EB%8F%8C+%E9%80%8F%E6%98%8E+%E8%B2%93%E5%90%8A%E5%BA%8A,若附布墊需確認非動物毛；原清單ID：KCAT100-078,keep,high,Korea high,"KR 4.8/5, 1,400 reviews",韓國同款評論量高且設計差異明顯，上調。,2,31
第三輪新增,KCAT-NOLITTER-076,外出旅行,B｜可順手買,medium,Ibiyaya 兩用/五合一寵物外出包,이비야야 고양이 이동가방,Ibiyaya,外出背包/推車座艙/旅行包,Naver Shopping / Coupang / 寵物選品店,"約120,000–220,000 KRW",台灣有Ibiyaya官方/代理與電商通路,韓國可能有不同款色與折扣；送禮實用,需確認承重、透氣、拉鍊防逃,可攜回候選：非食品、非動物來源、非植物材料；液體/電池/利器/大型品依航空規定處理,https://search.naver.com/search.naver?where=nexearch&query=%EC%9D%B4%EB%B9%84%EC%95%BC%EC%95%BC%20%EA%B3%A0%EC%96%91%EC%9D%B4%20%EC%9D%B4%EB%8F%99%EA%B0%80%EB%B0%A9,https://www.ibiyaya.com/tw/,韓國款式與台灣款式需拍型號比對；原清單ID：KCAT100-095,keep,high,Taiwan high,Ibiyaya 台灣官方與本地通路強,台灣品牌強訊號，外出旅行代表性高。,2,32
第四輪新增,KCAT-POP-075,砂盆,A,high,Moderna Flip Cat 翻蓋式貓砂盆,모데르나 플립캣 고양이 화장실,Moderna,翻蓋式貓砂盆,Danawa / open market,"38,500–53,750 KRW",momo related goods,平價封閉式砂盆，前蓋好清理,門片接受度因貓而異,可攜回候選：非食品、非貓砂本體、非植物/動物來源材料；大型/電子/利器依航空與保固規範處理,https://search.danawa.com/dsearch.php?query=%EB%AA%A8%EB%8D%B0%EB%A5%B4%EB%82%98%20%ED%94%8C%EB%A6%BD%EC%BA%A3%20%EA%B3%A0%EC%96%91%EC%9D%B4%20%ED%99%94%EC%9E%A5%EC%8B%A4,https://www.momoshop.com.tw/search/Moderna%20Flip%20Cat%20%E8%B2%93%E7%A0%82%E7%9B%86?viewport=desktop,Naver/Coupang blocked,keep,high,High KR marketplace count,Danawa 58; momo 4,韓國精準商品深度高，價格也較合理。,2,33
第四輪新增,KCAT-POP-077,排泄物收納/除臭,A,high,Litter Genie Plus 貓砂便便防臭桶,리터지니 플러스 고양이 배변통,Litter Genie,貓砂垃圾桶/防臭收納桶,Danawa / overseas purchase,"65,020–87,560 KRW",momo Litter Genie listings,減少每日丟垃圾，租屋族/小宅控味,專用補充膠卷成本,可攜回候選：非食品、非貓砂本體、非植物/動物來源材料；大型/電子/利器依航空與保固規範處理,https://search.danawa.com/dsearch.php?query=%EB%A6%AC%ED%84%B0%EC%A7%80%EB%8B%88%20%EA%B3%A0%EC%96%91%EC%9D%B4%20%EB%B0%B0%EB%B3%80%ED%86%B5,https://www.momoshop.com.tw/search/Litter%20Genie%20%E8%B2%93?viewport=desktop,Naver/Coupang blocked,keep,high,KR+TW exact brand listings,Danawa 11; momo 5,兩市場都有品牌/品類深度，防臭需求明確。,2,34
第四輪新增,KCAT-POP-080,耗材/收納,A,high,PETKIT PURA MAX/MAX2 專用集便垃圾袋,펫킷 푸라맥스/맥스2 전용 배변봉투,PETKIT,自動貓砂機專用垃圾袋,Danawa / open market,"12,060–30,680 KRW",momo Petkit 垃圾袋 listings,自動砂盆必備耗材，比砂本體輕、可補貨,僅適用特定 PETKIT 機型；非通用,可攜回候選：非食品、非貓砂本體、非植物/動物來源材料；大型/電子/利器依航空與保固規範處理,https://search.danawa.com/dsearch.php?query=%ED%8E%AB%ED%82%B7%20%ED%91%B8%EB%9D%BC%EB%A7%A5%EC%8A%A4%20%EB%B0%B0%EB%B3%80%EB%B4%89%ED%88%AC,https://www.momoshop.com.tw/search/Petkit%20%E5%9E%83%E5%9C%BE%E8%A2%8B%20%E8%B2%93%E7%A0%82%E6%A9%9F?viewport=desktop,Naver/Coupang blocked,keep,high,KR+TW consumable depth,Danawa 41; momo 6,自動砂盆高需求耗材，輕量且跨市場多 listing。,2,35
第四輪新增,KCAT-POP-083,玩具,A,high,Rispet 貓用多尾巴自動逗貓玩具第3代,리스펫 캣 멀티꼬리잡기 자동 장난감 3세대,Rispet / 리스펫,自動尾巴逗貓玩具,PetFriends,"35,900 KRW",台灣未確認，可用品牌/韓文名查詢,自動互動玩具，適合獨處貓消耗精力,需監督尾巴配件磨耗；確認電池規格,可攜回候選：非食品、非貓砂本體、非植物/動物來源材料；大型/電子/利器依航空與保固規範處理,https://m.pet-friends.co.kr/product/detail/326909,https://shopee.tw/search?keyword=Rispet%20%E8%B2%93%20%E8%87%AA%E5%8B%95%20%E5%B0%BE%E5%B7%B4%20%E7%8E%A9%E5%85%B7,,keep,high,Korea high,"PetFriends 4.6/5, 303 reviews",韓國貓用自動玩具 300+ 評論。,2,36
第四輪新增,KCAT-POP-087,玩具,A,high,Petmorn 螢火蟲機器蟲貓玩具,펫모닝 반딧불 로봇버그,Petmorn / 펫모닝,機器蟲玩具,PetFriends,"3,750 KRW",台灣有相似機器蟲玩具,輕量電子蟲，適合短時間追逐遊戲,電池/小零件需防貓咬開,可攜回候選：非食品、非貓砂本體、非植物/動物來源材料；大型/電子/利器依航空與保固規範處理,https://m.pet-friends.co.kr/product/detail/89960,https://shopee.tw/search?keyword=%E8%B2%93%20%E6%A9%9F%E5%99%A8%E8%9F%B2%20%E8%9E%A2%E7%81%AB%E8%9F%B2,,keep,high,Korea high,"PetFriends 4.6/5, 312 reviews",同系列電子蟲 300+ 評論。,2,37
第四輪新增,KCAT-POP-103,餵食,A,high,PETKIT 雙子星智能寵物餵食器攝影版,펫킷 듀얼호퍼/제미니 카메라 자동급식기,PETKIT,雙槽視訊自動餵食器,Naver/Coupang search path; exact blocked,not observed,"momo i_code=12151764, TWD 5588",雙槽、攝影機、app feeding；不同於既有 Fresh Element Mini,狗貓共用 SKU；需避免與舊款混淆,可攜回候選：非食品、非貓砂本體、非植物/動物來源材料；大型/電子/利器依航空與保固規範處理,https://search.shopping.naver.com/search/all?query=PETKIT%20YumShare%20Gemini%20%EC%9E%90%EB%8F%99%EA%B8%89%EC%8B%9D%EA%B8%B0,https://www.momoshop.com.tw/goods/GoodsDetail.jsp?i_code=12151764,Naver Shopping access restriction,keep,high,Taiwan momo 16 reviews,"4.8/5, 16 reviews",PETKIT 新款雙槽攝影版，台灣評論足夠且非舊款重複。,2,38
第四輪新增,KCAT-POP-105,飲水,A,high,u-ta MW43 免換濾心智能傾倒式寵物飲水機,유타 MW43 무필터 자동교체/틸팅 반려동물 정수기,u-ta,免濾心傾倒式飲水機,Naver Shopping search path; exact blocked,not observed,"momo i_code=14933026, TWD 1250",無濾心/低耗材設計，不鏽鋼碗選項,狗貓共用；自清/傾倒機制需看使用習慣,可攜回候選：非食品、非貓砂本體、非植物/動物來源材料；大型/電子/利器依航空與保固規範處理,https://search.shopping.naver.com/search/all?query=u-ta%20MW43%20%EA%B3%A0%EC%96%91%EC%9D%B4%20%EC%A0%95%EC%88%98%EA%B8%B0,https://www.momoshop.com.tw/goods/GoodsDetail.jsp?i_code=14933026,Naver Shopping access restriction,keep,high,Taiwan momo 41 reviews,"4.6/5, 41 reviews",台灣有明確評論數，功能差異化。,2,39
第四輪新增,KCAT-POP-116,美容,A,high,TAIGA 大河 CB1073 七合一多功能寵物美容機,타이가 CB1073 7-in-1 반려동물 미용기,TAIGA,多功能美容理毛機,Naver Shopping search path; exact blocked,not observed,"momo i_code=13042747, TWD 1999",理毛/修腳毛/磨甲類工具組，無液體化學品,狗貓共用；噪音敏感貓需循序適應,可攜回候選：非食品、非貓砂本體、非植物/動物來源材料；大型/電子/利器依航空與保固規範處理,https://search.shopping.naver.com/search/all?query=TAIGA%20CB1073%20%EA%B3%A0%EC%96%91%EC%9D%B4%20%EB%AF%B8%EC%9A%A9%EA%B8%B0,https://www.momoshop.com.tw/goods/GoodsDetail.jsp?i_code=13042747,Naver Shopping access restriction,keep,high,Taiwan momo 62 reviews,"4.9/5, 62 reviews",美容工具組台灣評論強，非液體非食品。,2,40
第二輪,KCAT-NOLITTER-023,美容,A｜優先買,medium,PETHROOM 雙頭寵物牙刷（不含牙膏）,페스룸 고양이 칫솔,PETHROOM,牙刷,PETHROOM Korea / Coupang / Naver,"約13,000–22,000 KRW",台灣較少/平輸,只買牙刷，避開牙膏液體/成分風險,需選貓嘴尺寸；刷牙需訓練,可攜回候選：非食品、非動物來源、非植物材料；仍需遵守航空/海關規定,https://search.naver.com/search.naver?where=nexearch&query=%ED%8E%98%EC%8A%A4%EB%A3%B8%20%EA%B3%A0%EC%96%91%EC%9D%B4%20%EC%B9%AB%EC%86%94,https://www.google.com/search?q=PETHROOM%20%E7%89%99%E5%88%B7%20%E5%8F%B0%E7%81%A3,原清單ID：KCAT100-031,keep,high,Korea high,PETHROOM 口腔護理工具在韓國官方/Naver/Coupang 可見,韓國品牌優勢且只列牙刷不列牙膏。,1,41
第二輪,KCAT-NOLITTER-030,抓板,B｜可順手買,weak,Garigari Sofa 貓抓板沙發,가리가리 소파 고양이 스크래쳐,Garigari,沙發型紙抓板,Coupang / Naver Shopping,"約18,000–40,000 KRW",台灣有平輸/同類,可抓可躺，行李可壓平包裝時適合,紙屑、潮濕發霉；不適合吃紙貓,可攜回候選：非食品、非動物來源、非植物材料；仍需遵守航空/海關規定,https://search.naver.com/search.naver?where=nexearch&query=%EA%B0%80%EB%A6%AC%EA%B0%80%EB%A6%AC%20%EC%86%8C%ED%8C%8C%20%EA%B3%A0%EC%96%91%EC%9D%B4,https://www.google.com/search?q=Garigari%20sofa%20%E8%B2%93%20%E5%8F%B0%E7%81%A3,原清單ID：KCAT100-038,keep,high,Korea medium-high,"KR Coupang 4.6/5, 348 reviews",Garigari Sofa 韓國同款評分/評論足夠。,1,42
第二輪,KCAT-NOLITTER-035,玩具,A｜優先買,medium,Cat Dancer Original 鋼線紙卷逗貓棒,캣댄서 오리지널 고양이 장난감,Cat Dancer,鋼線逗貓玩具,Coupang / Naver Shopping,"約5,000–12,000 KRW",台灣有平輸,小件輕便，非食物非植物,鋼線尾端需看顧；不用時收起,可攜回候選：非食品、非動物來源、非植物材料；仍需遵守航空/海關規定,https://search.naver.com/search.naver?where=nexearch&query=%EC%BA%A3%EB%8C%84%EC%84%9C%20%EC%98%A4%EB%A6%AC%EC%A7%80%EB%84%90%20%EA%B3%A0%EC%96%91%EC%9D%B4,https://www.google.com/search?q=Cat%20Dancer%20Original%20%E5%8F%B0%E7%81%A3,原清單ID：KCAT100-043,keep,high,Korea retailer + blog,"KR Coupang 4.8/5, 42 reviews; 經典長銷描述",Cat Dancer Original 經典長銷，上調。,1,43
第三輪新增,KCAT-NOLITTER-052,玩具,B｜可順手買,strong,手持雷射筆逗貓器,가또나인 고양이 레이저 포인터,가또나인,手持雷射玩具,Naver Shopping / Coupang / SmartStore,"約9,900–13,886 KRW",台灣有相似雷射筆，未見同品牌常態販售,小、輕、便宜，適合作順手帶回小物,不可照眼；需搭配實體玩具完成狩獵,可攜回候選：非食品、非動物來源、非植物材料；液體/電池/利器/大型品依航空規定處理,https://blog.naver.com/misoanjel_/224223485388,https://www.google.com/search?q=%E5%8F%B0%E7%81%A3+%EA%B0%80%EB%98%90%EB%82%98%EC%9D%B8+%E8%B2%93+%E9%9B%B7%E5%B0%84,確認雷射等級與電池形式；原清單ID：KCAT100-071,keep,high,Korea medium-high,"KR PetFriends 4.8/5, 169 reviews",韓國同品牌雷射筆有明確評論與高評分。,1,44
第三輪新增,KCAT-NOLITTER-053,玩具,B｜可順手買,medium,雷射梳造型逗貓器,펫긱 레이저 빗,펫긱,手持雷射/互動玩具,Coupang / Naver Shopping,"約10,500–12,580 KRW",台灣未見同款穩定代理,便宜輕巧，適合非食品貓奴小物,AAA電池另購；雷射安全同上,可攜回候選：非食品、非動物來源、非植物材料；液體/電池/利器/大型品依航空規定處理,https://blog.naver.com/bbuue_/224281680723,https://www.google.com/search?q=%E5%8F%B0%E7%81%A3+%ED%8E%AB%EA%B8%B1+%E9%9B%B7%E5%B0%84%E6%A2%B3+%E8%B2%93,確認包裝是否含電池；原清單ID：KCAT100-072,keep,high,Korea medium-high,"PETGEEK store 12,237 total reviews avg 4.8; laser comb 4.94/5, 66 reviews",店鋪與單品評分強，保留上調。,1,45
第四輪新增,KCAT-POP-097,玩具,A,high,Altteulpet 貓用壁掛玩具,알뜰펫 고양이 벽부착 장난감 블루/옐로우/캐릭터A/캐릭터B,Altteulpet / 알뜰펫,壁掛玩具,PetFriends,"9,900 KRW",台灣有相似壁掛玩具,可貼牆使用，適合小空間環境豐富化,黏貼強度需確認；小配件破損即移除,可攜回候選：非食品、非貓砂本體、非植物/動物來源材料；大型/電子/利器依航空與保固規範處理,https://m.pet-friends.co.kr/product/detail/217903,https://shopee.tw/search?keyword=%E8%B2%93%20%E5%A3%81%E6%8E%9B%20%E7%8E%A9%E5%85%B7,,keep,high,Korea high,"PetFriends 4.6/5, 167 reviews",100+ 評論且評分高，非食品小物。,1,46
第四輪新增,KCAT-POP-106,飲水,A,high,Cheerble 七布無泵無線寵物飲水機 E1+ 2L,치어블 E1+ 무펌프 무선 반려동물 정수기 2L,Cheerble,無線飲水機,Naver Shopping search path; exact blocked,not observed,"momo i_code=14687557, TWD 1791",無線磁吸供水設計，適合換位擺放,狗貓共用；續航與電池規範需確認,可攜回候選：非食品、非貓砂本體、非植物/動物來源材料；大型/電子/利器依航空與保固規範處理,https://search.shopping.naver.com/search/all?query=Cheerble%20E1%2B%20%EA%B3%A0%EC%96%91%EC%9D%B4%20%EC%A0%95%EC%88%98%EA%B8%B0,https://www.momoshop.com.tw/goods/GoodsDetail.jsp?i_code=14687557,Naver Shopping access restriction,keep,high,Taiwan momo 16 reviews,"4.8/5, 16 reviews",台灣雙位數評價且品牌款式清楚。,1,47
第四輪新增,KCAT-POP-111,外出旅行,A,high,FikaGO TRUFFLE PLUS 露踏踏外出包 加高版,피카고 트러플 플러스 외출가방 하이 버전,FikaGO,高階軟式外出包,Naver Shopping search path; exact blocked,not observed,"momo i_code=13281299, TWD 3980",高階旅行包，加高版較適合貓,狗貓共用；機艙尺寸依航空不同,可攜回候選：非食品、非貓砂本體、非植物/動物來源材料；大型/電子/利器依航空與保固規範處理,https://search.shopping.naver.com/search/all?query=FikaGO%20TRUFFLE%20PLUS%20%EA%B3%A0%EC%96%91%EC%9D%B4%20%EC%9D%B4%EB%8F%99%EA%B0%80%EB%B0%A9,https://www.momoshop.com.tw/goods/GoodsDetail.jsp?i_code=13281299,Naver Shopping access restriction,keep,high,Taiwan momo 19 reviews,"4.9/5, 19 reviews",台灣高評分旅行包，品牌款式明確。,1,48
第四輪新增,KCAT-POP-113,美容,A,high,PETKIT LED 寵物指甲剪,펫킷 LED 반려동물 발톱깎이,PETKIT,LED 指甲剪,Naver Shopping search path; exact blocked,not observed,"momo i_code=9653140, TWD 468",LED 輔助看血線，PETKIT 工具款,狗貓共用；深色甲仍不一定看清,可攜回候選：非食品、非貓砂本體、非植物/動物來源材料；大型/電子/利器依航空與保固規範處理,https://search.shopping.naver.com/search/all?query=PETKIT%20LED%20%EA%B3%A0%EC%96%91%EC%9D%B4%20%EB%B0%9C%ED%86%B1%EA%B9%8E%EC%9D%B4,https://www.momoshop.com.tw/goods/GoodsDetail.jsp?i_code=9653140,Naver Shopping access restriction,keep,high,Taiwan momo 13 reviews,"5.0/5, 13 reviews",PETKIT 工具款與既有 Dingdongpet/Babion 不重複。,1,49
第三輪新增,KCAT-NOLITTER-044,清潔周邊,A｜優先買,strong,Kangjipsa 全換砂大鏟,강집사 고양이 화장실 전체갈이 모래삽,Kangjipsa / 강집사,塑膠大砂鏟/全換砂工具,官方商城 / Naver SmartStore / AboutPet,"約5,500 KRW",台灣主流通路未確認,輕、非食品非植物；比帶貓砂更適合帶回,體積較長；塑膠鏟遇重礦砂可能彎曲,可攜回候選：非食品、非動物來源、非植物材料；液體/電池/利器/大型品依航空規定處理,https://kangjipsa.com/product/%EC%A0%84%EC%B2%B4%EA%B0%88%EC%9D%B4-%EB%AA%A8%EB%9E%98%EC%82%BD/47/,https://shopee.tw/search?keyword=%E5%85%A8%E6%8F%9B%E7%A0%82%20%E8%B2%93%E7%A0%82%E9%8F%9F,避免買木柄款；原清單ID：KCAT100-063,keep,high,Korea official rating signal,"Korea official 4.9/5, 7 reviews",官方評分可驗證，工具輕便。,0,50
第三輪新增,KCAT-NOLITTER-049,收納/清潔,A｜優先買,strong,Cocosiru Diolock 15L 雙重防臭寵物排泄物垃圾桶,코코시루 다용도 냄새차단 디오락 쓰레기통 C15TC,Cocosiru / 코코시루,排泄物垃圾桶/收納桶,Pet Friends / AboutPet / 官方商城 / SSG,"約35,000 KRW / 15L",台灣有防臭桶替代；此韓國款未見主流通路,非食品非植物非液體，對小坪數貓家庭實用,體積較大；耗材袋需確認,可攜回候選：非食品、非動物來源、非植物材料；液體/電池/利器/大型品依航空規定處理,https://aboutpet.co.kr/goods/indexGoodsDetail?goodsId=GI251138067,https://shopee.tw/search?keyword=%E5%AF%B5%E7%89%A9%20%E9%98%B2%E8%87%AD%20%E5%9E%83%E5%9C%BE%E6%A1%B6,確認專用袋是否可替代；原清單ID：KCAT100-068,keep,high,Korea official + category demand,"Official 5/5, 3 reviews; AboutPet listing; Taiwan category demand",實用防臭收納，保留。,0,51
第二輪,KCAT-NOLITTER-002,砂盆工具,A｜優先買,medium,Mango 貓砂鏟,망고 고양이 화장실 모래삽 배변용품 스쿱,Mango,貓砂鏟,Pet Friends,待查,未見主流台灣正式通路,輕、小、工具類，適合伴手,孔徑需配合砂種,可攜回候選：非食品、非動物來源、非植物材料；仍需遵守航空/海關規定,https://m.pet-friends.co.kr/product/detail/348203,https://shopee.tw/search?keyword=%EB%A7%9D%EA%B3%A0%20%EA%B3%A0%EC%96%91%EC%9D%B4%20%EB%AA%A8%EB%9E%98%EC%82%BD,原清單ID：KCAT100-010,keep,high,Korea rating signal,"Korea: PetFriends 5/5, 3 reviews",輕便工具且有韓國零售評分；評論量低，作低順位加購。,-2,52
第二輪,KCAT-NOLITTER-003,砂盆工具,A｜優先買,medium,Mango 全換砂專用大砂鏟,망고 고양이 화장실 전체갈이 모래삽,Mango,大砂鏟/全換砂工具,Pet Friends,待查,未見主流台灣正式通路,換整盆砂時實用；比帶砂省重量,行李中防止柄部折斷,可攜回候選：非食品、非動物來源、非植物材料；仍需遵守航空/海關規定,https://m.pet-friends.co.kr/product/detail/317772,https://shopee.tw/search?keyword=%E5%85%A8%E6%8F%9B%E7%A0%82%20%E8%B2%93%E7%A0%82%E9%8F%9F,原清單ID：KCAT100-011,keep,high,Korea rating signal,"Korea: PetFriends 5/5, 4 reviews",實用工具但評論量低；保留為低順位。,-2,53
第三輪新增,KCAT-NOLITTER-065,餵食/飲水工具,A｜優先買,medium,SureFeed 微晶片感應防搶食餵食器,슈어피드 마이크로칩 펫 피더,SureFeed / Sure Petcare,RFID/微晶片感應餵食器,Naver Shopping / Gmarket / 海外直購賣場,"約270,000–350,000 KRW",台灣多為蝦皮/代購/海外賣場,多貓分食、處方飼料防偷吃很實用,價格高；需晶片或項圈RFID牌；C電池另購,可攜回候選：非食品、非動物來源、非植物材料；液體/電池/利器/大型品依航空規定處理,https://search.naver.com/search.naver?where=nexearch&query=SureFeed%20%EB%A7%88%EC%9D%B4%ED%81%AC%EB%A1%9C%EC%B9%A9%20%EA%B8%89%EC%8B%9D%EA%B8%B0,https://shopee.tw/search?keyword=SureFeed%20%E5%BE%AE%E6%99%B6%E7%89%87%20%E9%A4%B5%E9%A3%9F%E5%99%A8,韓國多為海外直購/平輸，需核對保固；原清單ID：KCAT100-084,keep,medium-high,Taiwan high,台灣多貓防搶食需求與 SureFeed 搜尋/代購能見度高,功能差異化強，上調。,2,54
第二輪,KCAT-NOLITTER-016,餵食,B｜可順手買,medium,Catit Senses 2.0 Digger 慢食/覓食器,캣잇 센스 2.0 디거 고양이 급식기,Catit,慢食器/益智餵食,Coupang / Naver Shopping / Pet Friends,"約19,000–35,000 KRW",台灣有進口,非食物且可提升覓食；比大電器好帶,塑膠刮傷需清洗；急性子貓可能硬咬,可攜回候選：非食品、非動物來源、非植物材料；仍需遵守航空/海關規定,https://search.naver.com/search.naver?where=nexearch&query=%EC%BA%A3%EC%9E%87%20%EC%84%BC%EC%8A%A4%202.0%20%EB%94%94%EA%B1%B0%20%EA%B3%A0%EC%96%91%EC%9D%B4%20%EA%B8%89%EC%8B%9D%EA%B8%B0,https://www.google.com/search?q=Catit%20Digger%20%E5%8F%B0%E7%81%A3,原清單ID：KCAT100-024,keep,medium-high,Taiwan high,Catit 在台灣通路常見，Senses 系列辨識度佳,知名貓用品品牌，保留上調。,1,55
第三輪新增,KCAT-NOLITTER-066,餵食/飲水工具,B｜可順手買,medium,PetSafe Drinkwell 360 不鏽鋼寵物飲水機,펫세이프 드링크웰 360 스테인리스 정수기,PetSafe Drinkwell,循環式飲水機,Naver Shopping / Coupang / Gmarket,"約120,000–170,000 KRW",台灣蝦皮、PChome/代購可見同系列或零件,不鏽鋼耐用，適合重視清潔的家庭,需確認110–240V變壓器、濾芯與馬達耗材,可攜回候選：非食品、非動物來源、非植物材料；液體/電池/利器/大型品依航空規定處理,https://search.naver.com/search.naver?where=nexearch&query=PetSafe%20Drinkwell%20360%20%EA%B3%A0%EC%96%91%EC%9D%B4%20%EC%A0%95%EC%88%98%EA%B8%B0,https://shopee.tw/search?keyword=PetSafe%20Drinkwell%20360,購買前確認是整機非濾芯/變壓器；原清單ID：KCAT100-085,keep,medium-high,Taiwan medium-high,Drinkwell 系列台灣進口通路可見,老牌飲水機，保留上調。,1,56
第三輪新增,KCAT-NOLITTER-070,餵食/飲水工具,B｜可順手買,medium,PETLIBRO RFID 標籤自動餵食器 3L,펫리브로 RFID 태그 자동급식기 3L,PETLIBRO,RFID項圈標籤自動餵食器,LotteON / Naver Shopping,"約398,000–450,000 KRW",台灣可搜尋到PETLIBRO但RFID款通路較不穩,多貓防搶食、處方餐分開管理,項圈接受度、感應穩定性、App/保固與價格,可攜回候選：非食品、非動物來源、非植物材料；液體/電池/利器/大型品依航空規定處理,https://www.lotteon.com/p/product/LO2635893266,https://shopee.tw/search?keyword=PETLIBRO%20RFID%20%E9%A4%B5%E9%A3%9F%E5%99%A8,確認型號與項圈數量；本清單只列機器不列食物；原清單ID：KCAT100-089,keep,medium-high,Taiwan medium-high,PETLIBRO RFID 台灣搜尋可見；LotteON 商品頁,RFID 功能差異化，保留上調。,1,57
第三輪新增,KCAT-NOLITTER-071,餵食/飲水工具,A｜優先買,medium,Cat Mate C500 五餐定時餵食器,캣메이트 C500 5끼 자동급식기,Cat Mate,旋轉盤式五餐自動餵食器,Eurowings Korea / Naver Shopping / 海外直購,"約156,500–209,600 KRW",台灣蝦皮/代購可見Cat Mate,少數可放冰包的定時餵食器；本清單只列機器不列食品,台灣高溫環境不宜久放餐食；清洗密封度需留意,可攜回候選：非食品、非動物來源、非植物材料；液體/電池/利器/大型品依航空規定處理,http://www.eurowings.co.kr/goods/goods_view.php?goodsNo=1000008864,https://shopee.tw/search?keyword=Cat%20Mate%20C500,價格可能高於歐美原價；原清單ID：KCAT100-090,keep,medium-high,Taiwan medium-high,Cat Mate C500 台灣進口/蝦皮可見，全球長銷,五餐盤式餵食器功能清楚，上調。,1,58
第三輪新增,KCAT-NOLITTER-078,外出旅行,B｜可順手買,weak,IRIS OHYAMA ATC-530 上開式外出籠,아이리스오야마 ATC-530 이동장,IRIS OHYAMA,上掀硬殼外出籠,Naver Shopping / Coupang / Gmarket,"約35,000–70,000 KRW",台灣有IRIS OHYAMA通路與相近型號,上開式看診友善，硬殼好清潔,體積大；塑膠硬殼易刮；扣具尺寸需確認,可攜回候選：非食品、非動物來源、非植物材料；液體/電池/利器/大型品依航空規定處理,https://search.naver.com/search.naver?where=nexearch&query=%EC%95%84%EC%9D%B4%EB%A6%AC%EC%8A%A4%EC%98%A4%EC%95%BC%EB%A7%88%20ATC-530%20%EC%9D%B4%EB%8F%99%EC%9E%A5%20%EA%B3%A0%EC%96%91%EC%9D%B4,https://shopee.tw/search?keyword=IRIS%20ATC-530%20%E8%B2%93,型號可能有韓日版本差異；原清單ID：KCAT100-097,keep,medium-high,Taiwan medium-high,IRIS OHYAMA 台灣知名度高，上開籠需求明確,知名日系品牌，上調。,1,59
第三輪新增,KCAT-NOLITTER-080,梳毛清潔工具,A｜優先買,medium,Tangle Teezer Pet Teezer Cat Grooming Brush 貓用梳,탱글티저 펫티저 캣 그루밍 브러쉬,Tangle Teezer / Pet Teezer,貓用梳毛刷,SSG.COM / Musinsa / Naver Shopping,"約20,000–35,000 KRW",台灣可見代購或電商,貓專用款、設計感好，適合送禮,對嚴重底毛/打結不如針梳,可攜回候選：非食品、非動物來源、非植物材料；液體/電池/利器/大型品依航空規定處理,https://www.ssg.com/item/itemView.ssg?itemId=1000551890420,https://shopee.tw/search?keyword=Pet%20Teezer%20Cat%20%E6%A2%B3,確認是Cat款非大型犬款；原清單ID：KCAT100-099,keep,medium-high,Korea medium-high,SSG/Musinsa/Naver 可見，Tangle Teezer 品牌認知佳,韓國通路品質較好，保留上調。,1,60
第三輪新增,KCAT-NOLITTER-081,梳毛清潔工具,B｜可順手買,medium,Hertzko 自清潔針梳,헤르츠코 셀프 클리닝 슬리커 브러쉬,Hertzko,自清潔針梳/除廢毛刷,Coupang / Buytop / Naver搜尋,"約20,000–45,000 KRW",台灣蝦皮/代購可見Hertzko針梳,按鈕退毛方便，換毛期實用；非刀片式去毛,針梳需輕手，皮膚敏感或短毛貓可能不喜歡,可攜回候選：非食品、非動物來源、非植物材料；液體/電池/利器/大型品依航空規定處理,https://www.coupang.com/vp/products/8630531394,https://shopee.tw/search?keyword=Hertzko%20%E8%87%AA%E6%B8%85%E6%BD%94%20%E9%87%9D%E6%A2%B3%20%E8%B2%93,Coupang頁面可能擋海外瀏覽；原清單ID：KCAT100-100,keep,medium-high,Taiwan medium-high,Hertzko 自清潔針梳台灣搜尋/蝦皮可見，全球知名,代表款之一，保留上調。,1,61
第二輪,KCAT-NOLITTER-007,除臭,C｜先觀望,medium,Animalie 無香貓砂盆除臭噴霧 500ml,아니말리 고양이 모래 화장실 탈취제 무향 500ml,Animalie,無香液體除臭噴霧,Naver SmartStore,"500ml 約12,900 KRW",未見主流台灣正式通路,無香款且標示 limonene-free，適合貓廁清潔小物,液體需託運防漏；少量測試避免貓排斥,可託運但不優先；液體須防漏並遵守航空限制,https://blog.naver.com/hyexnjin/224135051728,https://shopee.tw/search?keyword=%EC%95%84%EB%8B%88%EB%A7%90%EB%A6%AC%20%E7%84%A1%E9%A6%99%20%E8%B2%93,原清單ID：KCAT100-015,keep,medium,Korea rating + blog-review signal,"Korea: Naver snippet 5/5, 188 ratings; multiple blogs",韓國人氣訊號比原先強，但液體托運風險仍需註明。,2,62
第二輪,KCAT-NOLITTER-010,飲水,A｜優先買,medium,PETKIT Eversweet 3 Pro UVC 智慧寵物飲水機,펫킷 UVC 에버스윗3 Pro 고양이 살균 무선 정수기,PETKIT,飲水機,PETKIT Korea / Coupang / Naver Shopping,"約89,000–159,000 KRW",台灣有代理/平輸,UVC/無線版適合多貓飲水管理,韓版插頭/電壓、APP區域、電池/保固；濾芯另買,可攜回電子品；確認鋰電池容量與託運/手提規則,https://search.naver.com/search.naver?where=nexearch&query=PETKIT%20Uvc%20%EC%97%90%EB%B2%84%EC%8A%A4%EC%9C%973%20Pro%20%EA%B3%A0%EC%96%91%EC%9D%B4%20%EC%82%B4%EA%B7%A0%20%EB%AC%B4%EC%84%A0%20%EC%A0%95%EC%88%98%EA%B8%B0,https://www.google.com/search?q=PETKIT%20Eversweet%203%20Pro%20%E5%8F%B0%E7%81%A3,原清單ID：KCAT100-018,keep,medium,Taiwan high,PETKIT 台灣官網/PChome/momo/蝦皮等通路可見,PETKIT 台灣與韓國通路強，智慧飲水機熱門，上調。,2,63
第二輪,KCAT-NOLITTER-013,餵食,A｜優先買,medium,PETKIT Fresh Element Mini 智慧餵食器,펫킷 프레시 엘리먼트 미니 자동급식기 고양이,PETKIT,自動餵食器,PETKIT Korea / Coupang / Naver Shopping,"約89,000–159,000 KRW",台灣有類似/代理,乾糧定時定量；韓國促銷價差可能大,APP區域/斷電備援；只適合乾糧，不裝食物過海關,可攜回電子品；體積較大,https://search.naver.com/search.naver?where=nexearch&query=%ED%8E%AB%ED%82%B7%20%ED%94%84%EB%A0%88%EC%8B%9C%20%EC%97%98%EB%A6%AC%EB%A8%BC%ED%8A%B8%20%EB%AF%B8%EB%8B%88%20%EC%9E%90%EB%8F%99%EA%B8%89%EC%8B%9D%EA%B8%B0%20%EA%B3%A0%EC%96%91%EC%9D%B4,https://www.google.com/search?q=PETKIT%20Fresh%20Element%20Mini%20%E5%8F%B0%E7%81%A3,原清單ID：KCAT100-021,keep,medium,Taiwan high,PETKIT 台灣官方與大型通路可見,智慧餵食器熱門品類，上調。,2,64
第二輪,KCAT-NOLITTER-011,飲水,A｜優先買,medium,PETKIT Solo 2 智慧低噪飲水機,펫킷 솔로2 스마트펫 앱연동정수기,PETKIT,飲水機,PETKIT Korea / Coupang / Naver Shopping,"約49,000–89,000 KRW",台灣常見,比大型機輕；可補濾芯,電子/APP/保固；泵浦噪音與清洗頻率,可攜回電子品；濾芯型號別買錯,https://search.naver.com/search.naver?where=nexearch&query=%EC%A0%80%EC%86%8C%EC%9D%8C%20%EA%B3%A0%EC%96%91%EC%9D%B4%20%EC%A0%95%EC%88%98%EA%B8%B0%20%ED%8E%AB%ED%82%B7%20%EC%86%94%EB%A1%9C2%20%EC%8A%A4%EB%A7%88%ED%8A%B8%ED%8E%AB%20%EC%95%B1%EC%97%B0%EB%8F%99%EC%A0%95%EC%88%98%EA%B8%B0,https://www.google.com/search?q=PETKIT%20Solo%202%20%E5%8F%B0%E7%81%A3,原清單ID：KCAT100-019,keep,medium,Taiwan high,PETKIT 台灣官方與大型電商長期販售,品牌強、通路明確，上調。,1,65
第二輪,KCAT-NOLITTER-012,飲水,B｜可順手買,medium,小米 Smart Pet Fountain 智慧寵物飲水機,샤오미 스마트 펫 급수기 고양이,Xiaomi,飲水機,Coupang / Naver Shopping / 小米韓國通路,"約59,000–99,000 KRW",台灣小米/電商可見,韓國促銷便宜可買；耗材相對好找,插頭/電壓、APP區域、保固,可攜回電子品；台灣同價則不必背,https://search.naver.com/search.naver?where=nexearch&query=%EC%83%A4%EC%98%A4%EB%AF%B8%20%EC%8A%A4%EB%A7%88%ED%8A%B8%20%ED%8E%AB%20%EA%B8%89%EC%88%98%EA%B8%B0%20%EA%B3%A0%EC%96%91%EC%9D%B4,https://www.google.com/search?q=%E5%B0%8F%E7%B1%B3%20%E5%AF%B5%E7%89%A9%E9%A3%B2%E6%B0%B4%E6%A9%9F%20%E5%8F%B0%E7%81%A3,原清單ID：KCAT100-020,keep,medium,Taiwan high,小米/米家寵物飲水機台灣能見度高,高知名度品牌跨市場通路多。,1,66
第四輪新增,KCAT-POP-068,自動貓砂盆,B,high,CATLINK BayMax 全自動貓砂機,캣링크 베이맥스 고양이 자동화장실,CATLINK,自動貓砂盆,Danawa / open market overseas purchase,"accessories 20,860–50,960 KRW; main unit varies",momo CATLINK 貓砂機 listings,自動鏟砂，CATLINK在台有多款貓砂機頁面,搜尋結果混有配件/垃圾袋；需確認買的是本體,可攜回候選：非食品、非貓砂本體、非植物/動物來源材料；大型/電子/利器依航空與保固規範處理,https://search.danawa.com/dsearch.php?query=%EC%BA%A3%EB%A7%81%ED%81%AC%20%EB%B2%A0%EC%9D%B4%EB%A7%A5%EC%8A%A4%20%EA%B3%A0%EC%96%91%EC%9D%B4%20%EC%9E%90%EB%8F%99%ED%99%94%EC%9E%A5%EC%8B%A4,https://www.momoshop.com.tw/search/CATLINK%20%E8%B2%93%E7%A0%82%E6%A9%9F?viewport=desktop,Naver/Coupang blocked,keep,medium,Korea+Taiwan CATLINK listings,Danawa 9; momo 8,跨市場有 CATLINK 型號/系列可見，但韓國結果含配件，列中高順位。,1,67
第四輪新增,KCAT-POP-069,自動貓砂盆,B,high,CATLINK Scooper Young 全自動貓砂機,캣링크 스쿠퍼 영 고양이 자동화장실,CATLINK,自動貓砂盆,Danawa / open market,"563,900 KRW main unit; accessories 35,400–69,000",momo CATLINK/Scooper query listings,CATLINK 入門自動砂盆，耗材袋較容易找,Young/Pro/SE variants 混在，購買前需核型號,可攜回候選：非食品、非貓砂本體、非植物/動物來源材料；大型/電子/利器依航空與保固規範處理,https://search.danawa.com/dsearch.php?query=%EC%BA%A3%EB%A7%81%ED%81%AC%20%EC%8A%A4%EC%BF%A0%ED%8D%BC%20%EC%98%81%20%EA%B3%A0%EC%96%91%EC%9D%B4%20%EC%9E%90%EB%8F%99%ED%99%94%EC%9E%A5%EC%8B%A4,https://www.momoshop.com.tw/search/CATLINK%20SCOOPER%20%E8%B2%93%E7%A0%82%E6%A9%9F?viewport=desktop,Naver/Coupang blocked,keep,medium,KR exact model + TW brand presence,Danawa 5; momo 30 query goods,CATLINK 自動砂盆線有跨市場訊號。,1,68
第四輪新增,KCAT-POP-076,排泄物收納/除臭,B,high,LitterLocker Design 第三代貓便防臭桶,리터락커 디자인 고양이 배변통,LitterLocker,貓便/貓砂防臭垃圾桶,Danawa / open market,"27,710 KRW observed",momo LitterLocker Design listings,鏟砂後封存臭味，陽台/小宅友好,需持續購買專用補充袋,可攜回候選：非食品、非貓砂本體、非植物/動物來源材料；大型/電子/利器依航空與保固規範處理,https://search.danawa.com/dsearch.php?query=%EB%A6%AC%ED%84%B0%EB%9D%BD%EC%BB%A4%20%EB%94%94%EC%9E%90%EC%9D%B8%20%EA%B3%A0%EC%96%91%EC%9D%B4%20%EB%B0%B0%EB%B3%80%ED%86%B5,https://www.momoshop.com.tw/search/LitterLocker%20%E8%B2%93?viewport=desktop,Naver/Coupang blocked,keep,medium,TW exact brand/category availability,Danawa 1; momo 4,貓便防臭桶跨市場可見，實用性高。,1,69
第二輪,KCAT-NOLITTER-008,除臭,B｜可順手買,weak,S-Class 無香粉末型貓砂除臭劑 10入,에스클래스 탈취제 가루형 무향 10개입,S-Class,無香粉末除臭劑,Naver SmartStore,待查,未見主流台灣正式通路,粉末非液體，行李友善；無香較適合貓,確認成分非植物/精油；粉末可能揚塵,條件可攜回；購買前確認非植物/非精油,https://smartstore.naver.com/main/products/9648467659,https://shopee.tw/search?keyword=%EC%97%90%EC%8A%A4%ED%81%B4%EB%9E%98%EC%8A%A4%20%ED%83%88%EC%B7%A8%EC%A0%9C,原清單ID：KCAT100-016,keep,medium,Korea blog-review signal,Multiple Korean blog reviews; direct SmartStore blocked/429,粉末非液體且多篇韓文心得，維持。,0,70
第二輪,KCAT-NOLITTER-009,除臭,C｜先觀望,weak,Nyang Fresh 無香四孔貓砂盆除臭器,냥프레쉬 고양이 화장실 모래 냄새제거 반영구 살균 탈취제 무향 4구 1세트,Nyang Fresh,固態/裝置型無香除臭,Naver SmartStore,依店鋪,未見主流台灣正式通路,無香固態裝置，比液體噴霧更好帶,若含電池/臭氧/殺菌機制需確認安全,條件可攜回；若含電池依航空規範,https://smartstore.naver.com/main/products/8716804658,https://shopee.tw/search?keyword=%EB%83%A5%ED%94%84%EB%A0%88%EC%89%AC,原清單ID：KCAT100-017,keep,medium,Korea blog/search signal,Multiple Korean blog/search mentions; no reliable count,韓國提及支撐但機制/安全需保守，維持低順位。,0,71
第二輪,KCAT-NOLITTER-014,餵食,B｜可順手買,medium,Petree 智慧自動餵食器 4L/5L,PETREE 고양이 자동급식기,Petree,自動餵食器,Coupang / Naver Shopping / Gmarket,"約42,900–108,000 KRW",台灣較少或平輸,PETKIT 替代；可找低價帶攝影機/定時款,攝影機隱私、APP、保固；行李防撞,可攜回電子品；確認海外 APP 可用,https://search.naver.com/search.naver?where=nexearch&query=Petree%20%EA%B3%A0%EC%96%91%EC%9D%B4%20%EC%9E%90%EB%8F%99%EA%B8%89%EC%8B%9D%EA%B8%B0,https://www.google.com/search?q=Petree%20%E8%87%AA%E5%8B%95%E9%A4%B5%E9%A3%9F%E5%99%A8%20%E5%8F%B0%E7%81%A3,原清單ID：KCAT100-022,keep,medium,Korea/Taiwan medium,Petree 台韓多平台販售能見度,跨市場販售但品牌熱度中等。,0,72
第二輪,KCAT-NOLITTER-015,餵食,B｜可順手買,medium,pidan 傾斜陶瓷貓碗/碗架,pidan 고양이 식기,pidan,食碗,Coupang / Naver Shopping / 韓國寵物店,"約13,000–35,000 KRW",台灣有蝦皮/momo平輸,非電子非食物；韓國特價可買,陶瓷/玻璃易碎；確認無木製/植物材配件,可攜回候選：非食品、非動物來源、非植物材料；仍需遵守航空/海關規定,https://search.naver.com/search.naver?where=nexearch&query=pidan%20%EA%B3%A0%EC%96%91%EC%9D%B4%20%EC%8B%9D%EA%B8%B0,https://www.google.com/search?q=pidan%20%E8%B2%93%E7%A2%97%20%E5%8F%B0%E7%81%A3,原清單ID：KCAT100-023,keep,medium,Taiwan medium-high,pidan 台灣寵物通路常見,pidan 台灣品牌能見度佳，保留。,0,73
第二輪,KCAT-NOLITTER-017,旅行,B｜可順手買,medium,pidan 太空艙/便攜寵物背包,pidan 고양이 이동장,pidan,外出包/移動籠,Coupang / Naver Shopping,"約38,000–139,000 KRW",台灣有平輸,設計感強，短程看診/拍照,夏天悶熱、承重、航空尺寸需確認,可攜回候選：非食品、非動物來源、非植物材料；仍需遵守航空/海關規定,https://search.naver.com/search.naver?where=nexearch&query=pidan%20%EA%B3%A0%EC%96%91%EC%9D%B4%20%EC%9D%B4%EB%8F%99%EC%9E%A5,https://www.google.com/search?q=pidan%20%E8%B2%93%20%E5%A4%96%E5%87%BA%E5%8C%85%20%E5%8F%B0%E7%81%A3,原清單ID：KCAT100-025,keep,medium,Taiwan medium-high,pidan 外出包在台灣搜尋/通路能見度佳,品牌與需求明確，維持。,0,74
第二輪,KCAT-NOLITTER-021,美容,B｜可順手買,medium,Babion 貓用安全指甲剪,바비온 고양이 발톱깎이,Babion,指甲剪,Coupang / Naver Shopping,"約9,900–19,900 KRW",台灣不一定常見,韓國小工具便宜；補貨用,利器需託運；剪到血線風險,可攜回；利器建議託運,https://search.naver.com/search.naver?where=nexearch&query=%EB%B0%94%EB%B9%84%EC%98%A8%20%EA%B3%A0%EC%96%91%EC%9D%B4%20%EB%B0%9C%ED%86%B1%EA%B9%8E%EC%9D%B4,https://www.google.com/search?q=Babion%20%E8%B2%93%20%E6%8C%87%E7%94%B2%E5%89%AA%20%E5%8F%B0%E7%81%A3,原清單ID：KCAT100-029,keep,medium,Korea medium,Babion 韓國通路能見度中等,韓國本地可買、工具需求穩定。,0,75
第二輪,KCAT-NOLITTER-022,美容,B｜可順手買,medium,Dingdongpet LED 寵物指甲剪,딩동펫 고양이 발톱깎이 LED,Dingdongpet,LED 指甲剪,Coupang / Naver Shopping,"約6,100–21,730 KRW",台灣同類多,LED 款可輔助看血線，小件好帶,鈕扣電池/利器規則；深色甲仍不一定看清,可攜回；含電池與利器需依航空規範,https://search.naver.com/search.naver?where=nexearch&query=%EB%94%A9%EB%8F%99%ED%8E%AB%20%EA%B3%A0%EC%96%91%EC%9D%B4%20%EB%B0%9C%ED%86%B1%EA%B9%8E%EC%9D%B4,https://www.google.com/search?q=Dingdongpet%20%E6%8C%87%E7%94%B2%E5%89%AA%20%E5%8F%B0%E7%81%A3,原清單ID：KCAT100-030,keep,medium,Korea medium,Dingdongpet 韓國寵物用品品牌可見,韓國品牌與工具性明確。,0,76
第二輪,KCAT-NOLITTER-025,健康工具,B｜可順手買,medium,Dingdongpet 寵物/貓體重計,딩동펫 고양이 체중계,Dingdongpet,體重計,Coupang / Naver Shopping,"約25,000–69,000 KRW",台灣有同類,慢性病/減重貓家庭實用,電子品佔行李；電池/保固；非診斷用途,可攜回電子品；台灣同價不必背,https://search.naver.com/search.naver?where=nexearch&query=%EB%94%A9%EB%8F%99%ED%8E%AB%20%EA%B3%A0%EC%96%91%EC%9D%B4%20%EC%B2%B4%EC%A4%91%EA%B3%84,https://www.google.com/search?q=%E8%B2%93%20%E9%AB%94%E9%87%8D%E8%A8%88%20%E5%8F%B0%E7%81%A3,原清單ID：KCAT100-033,keep,medium,Korea medium,Dingdongpet 體重計韓國通路能見度中等,健康工具需求明確但非爆款。,0,77
第二輪,KCAT-NOLITTER-032,玩具,B｜可順手買,medium,Catit Senses 2.0 Circuit 軌道球玩具,캣잇 센스 2.0 서킷 고양이 장난감,Catit,軌道球玩具,Coupang / Naver Shopping / Pet Friends,"約18,000–35,000 KRW",台灣有進口,不含食物/植物，互動球道可長期使用,塑膠件需定期清潔；球可能噪音,可攜回候選：非食品、非動物來源、非植物材料；仍需遵守航空/海關規定,https://search.naver.com/search.naver?where=nexearch&query=%EC%BA%A3%EC%9E%87%20%EC%84%BC%EC%8A%A4%202.0%20%EC%84%9C%ED%82%B7%20%EA%B3%A0%EC%96%91%EC%9D%B4,https://www.google.com/search?q=Catit%20Senses%202.0%20Circuit%20%E5%8F%B0%E7%81%A3,原清單ID：KCAT100-040,keep,medium,Korea/Taiwan brand signal,KR exact/near 4.9/5 10 reviews; Catit related 809 reviews; TW PChome Catit 88 results,Catit 系列台韓通路能見度佳，維持。,0,78
第二輪,KCAT-NOLITTER-034,玩具,A｜優先買,medium,Cat Dancer Rainbow Cat Charmer 彩帶逗貓棒,캣댄서 레인보우 캣차머,Cat Dancer,彩帶逗貓棒,Coupang / Naver Shopping,"約8,000–18,000 KRW",台灣有平輸,輕、小、非植物，適合旅購補貨,使用後收起；長繩有纏繞風險,可攜回候選：非食品、非動物來源、非植物材料；仍需遵守航空/海關規定,https://search.naver.com/search.naver?where=nexearch&query=%EC%BA%A3%EB%8C%84%EC%84%9C%20%EB%A0%88%EC%9D%B8%EB%B3%B4%EC%9A%B0%20%EC%BA%A3%EC%B0%A8%EB%A8%B8,https://www.google.com/search?q=Cat%20Dancer%20Cat%20Charmer%20%E5%8F%B0%E7%81%A3,原清單ID：KCAT100-042,keep,medium,Korea/Taiwan presence,KR snippet 5/5 1 review; TW PChome Cat Dancer result,經典逗貓棒品牌，保留但不升。,0,79
第二輪,KCAT-NOLITTER-036,貓床/窩,B｜可順手買,weak,Dingdongpet 窗邊吸盤貓吊床,딩동펫 고양이 창문 해먹,Dingdongpet,窗邊吊床,Coupang / Naver Shopping,"約15,000–35,000 KRW",台灣有同類品,非食品，窗邊曬太陽貓適用,吸盤承重、玻璃清潔、掉落風險,可攜回候選：非食品、非動物來源、非植物材料；仍需遵守航空/海關規定,https://search.naver.com/search.naver?where=nexearch&query=%EB%94%A9%EB%8F%99%ED%8E%AB%20%EA%B3%A0%EC%96%91%EC%9D%B4%20%EC%B0%BD%EB%AC%B8%20%ED%95%B4%EB%A8%B9,https://www.google.com/search?q=%E8%B2%93%20%E7%AA%97%E9%82%8A%20%E5%90%8A%E5%BA%8A%20%E5%8F%B0%E7%81%A3,原清單ID：KCAT100-044,keep,medium,Korea retailer signal,"KR Dingdongpet 4.7/5, 43 reviews; 類目另有 33 reviews",窗邊吊床同品牌/同類有評分評論。,0,80
第三輪新增,KCAT-NOLITTER-043,除臭,A｜優先買,medium,ReNature Zeolite 沸石貓砂/砂盆除臭 500g,리네이처 제올라이트 고양이 화장실 탈취제 500g,ReNature Zeolite / 리네이처 제올라이트,礦物沸石除臭顆粒/袋,官方商城 / Coupang / Naver Shopping / 오늘의집,500g×5組合依店鋪確認,台灣主流通路未確認,沸石礦物材料、無香非液體，比香氛噴霧更適合貓砂盆,勿讓貓誤食；保留原包裝,可攜回候選：非食品、非動物來源、非植物材料；液體/電池/利器/大型品依航空規定處理,https://renaturezeolite.com/category/%EC%A0%9C%ED%92%88-%EA%B5%AC%EB%A7%A4/24/,https://shopee.tw/search?keyword=zeolite%20%E8%B2%93%E7%A0%82%20%E9%99%A4%E8%87%AD,避免散裝粉末入境被要求說明；原清單ID：KCAT100-062,keep,medium,Korea official + blog signal,Official ReNature site + Naver blog mentions,礦物無香除臭，官方與部落格訊號中等。,0,81
第三輪新增,KCAT-NOLITTER-048,砂盆,C｜先觀望,strong,Kangjipsa 透明開放式大/超大貓砂盆,강집사 투명 화장실 오픈형 고양이 화장실 대형 초대형,Kangjipsa / 강집사,塑膠開放式透明砂盆,官方商城 / Naver SmartStore / AboutPet,"約29,300 KRW 起",台灣主流通路未確認,可搭配同品牌大鏟/防砂階，韓國透明大砂盆設計,體積大；透明塑膠易刮,可攜回候選：非食品、非動物來源、非植物材料；液體/電池/利器/大型品依航空規定處理,https://www.kangjipsa.com/product/%EA%B0%95%EC%A7%91%EC%82%AC-%ED%88%AC%EB%AA%85-%ED%99%94%EC%9E%A5%EC%8B%A4-%EC%98%A4%ED%94%88%ED%98%95-%EA%B3%A0%EC%96%91%EC%9D%B4-%ED%99%94%EC%9E%A5%EC%8B%A4-%EB%8C%80%ED%98%95-%EC%B4%88%EB%8C%80%ED%98%95/73/,https://shopee.tw/search?keyword=%E9%80%8F%E6%98%8E%20%E5%A4%A7%E5%9E%8B%20%E8%B2%93%E7%A0%82%E7%9B%86,行李體積是主要限制；原清單ID：KCAT100-067,keep,medium,Korea rating/search signal,"KR 4.9/5, 10 reviews; related Coupang set 23 reviews",韓國品牌設計相關但評論量普通。,0,82
第三輪新增,KCAT-NOLITTER-055,隧道/躲藏,A｜優先買,strong,無鐵線毛氈隧道躲藏屋,소심한호랑이 숨숨집 터널,소심한호랑이,合成毛氈隧道/躲藏屋,Naver SmartStore / Coupang,"約17,900–48,000 KRW",台灣未見同品牌穩定販售,可折疊、非食品；適合喜歡鑽洞與躲藏的貓,大件佔空間,可攜回候選：非食品、非動物來源、非植物材料；液體/電池/利器/大型品依航空規定處理,https://blog.naver.com/gulbee283/224022264382,https://www.google.com/search?q=%E5%8F%B0%E7%81%A3+%EC%86%8C%EC%8B%AC%ED%95%9C%ED%98%B8%EB%9E%91%EC%9D%B4+%E8%B2%93+%E9%9A%A7%E9%81%93,只列可確認為聚酯/合成纖維版本；羊毛款排除；原清單ID：KCAT100-074,keep,medium,Korea blog signal,Multiple KR blog mentions; no reliable count,韓國本地部落格提及頻繁，保留。,0,83
第三輪新增,KCAT-NOLITTER-058,家具,A｜優先買,medium,窗邊貓吊床/窗台平台,요기펫 윈도우 고양이 해먹,요기펫,窗邊吊床/窗台家具,Naver Shopping / SmartStore,"約24,300–30,000 KRW",台灣有相似窗台吊床，未見同品牌穩定販售,適合愛看窗外的室內貓，比大型貓跳台更好帶,吸盤/固定方式需定期檢查,可攜回候選：非食品、非動物來源、非植物材料；液體/電池/利器/大型品依航空規定處理,https://blog.naver.com/alswls113500/224301292492,https://www.google.com/search?q=%E5%8F%B0%E7%81%A3+%EC%9A%94%EA%B8%B0%ED%8E%AB+%E7%AA%97%E6%88%B6+%E8%B2%93%E5%90%8A%E5%BA%8A,確認窗框尺寸與承重；原清單ID：KCAT100-077,keep,medium,Korea exact + category,"Yogipet 26 reviews; category near-match 5,683 reviews",同品牌不多但類目需求強，維持。,0,84
第三輪新增,KCAT-NOLITTER-060,家具,A｜優先買,strong,蜘蛛款窗戶貓吊床,해리스힐 스파이더켓 고양이 창문 해먹,해리스힐,窗戶吸附式吊床,PetFriends / Naver Shopping,"約32,900–36,900 KRW",台灣未見同品牌穩定販售,韓國貓友實測多，重量與體積可接受,吸盤在濕熱環境要定期重裝,可攜回候選：非食品、非動物來源、非植物材料；液體/電池/利器/大型品依航空規定處理,https://blog.naver.com/ryanlv52/224243059378,https://www.google.com/search?q=%E5%8F%B0%E7%81%A3+%ED%95%B4%EB%A6%AC%EC%8A%A4%ED%9E%90+%E8%B2%93%E5%90%8A%E5%BA%8A,確認吸盤耗材可替換；原清單ID：KCAT100-079,keep,medium,Korea blog signal,Multiple KR blog mentions; no platform count,韓國實測文支撐，維持。,0,85
第三輪新增,KCAT-NOLITTER-064,家具,B｜可順手買,medium,mou studio 寵物旅館用質感隧道/躲藏屋,모우 스튜디오 고양이 터널 숨숨집,mou studio,隧道/躲藏屋,mou studio 官方/SmartStore / 韓國貓旅館採購通路,"約45,000–118,000 KRW",台灣未見同品牌常態販售,設計感高，適合韓國風貓家具小物,較大件；逐款確認材質,可攜回候選：非食品、非動物來源、非植物材料；液體/電池/利器/大型品依航空規定處理,https://blog.naver.com/air_mnb/224153692884,https://www.google.com/search?q=%E5%8F%B0%E7%81%A3+mou+studio+%E8%B2%93+%E9%9A%A7%E9%81%93,只收非紙板、非羊毛、非植物纖維款；原清單ID：KCAT100-083,keep,medium,Korea design/blog signal,"KR PetFriends 4.8/5, 5 reviews; blogs/오늘의집 mentions",設計小眾候選，保留。,0,86
第三輪新增,KCAT-NOLITTER-067,餵食/飲水工具,C｜先觀望,weak,PetSafe Drinkwell Pagoda 陶瓷飲水機,펫세이프 드링크웰 파고다 세라믹 정수기,PetSafe Drinkwell,陶瓷循環式飲水機,Naver Shopping / Coupang/Gmarket 海外直購,"約110,000–180,000 KRW",台灣多為代購/平行輸入,陶瓷抗味道殘留，外型送禮感較好,重且易破；需確認濾芯、馬達與電壓,可攜回候選：非食品、非動物來源、非植物材料；液體/電池/利器/大型品依航空規定處理,https://search.naver.com/search.naver?where=nexearch&query=PetSafe%20Drinkwell%20Pagoda%20%EA%B3%A0%EC%96%91%EC%9D%B4%20%EC%A0%95%EC%88%98%EA%B8%B0,https://shopee.tw/search?keyword=Drinkwell%20Pagoda%20%E9%A3%B2%E6%B0%B4%E6%A9%9F,韓國現貨不穩；原清單ID：KCAT100-086,keep,medium,Taiwan medium,Drinkwell Pagoda 台灣進口/蝦皮可搜尋,老款陶瓷飲水機，低順位保留。,0,87
第三輪新增,KCAT-NOLITTER-068,餵食/飲水工具,B｜可順手買,weak,PetSafe Healthy Pet Simply Feed 自動餵食器,펫세이프 헬시펫 심플리 피드 자동급식기,PetSafe,定時定量自動餵食器,Naver Shopping / Gmarket / Coupang海外直購,"約150,000–260,000 KRW",台灣多為海外代購,可程式定量，適合短期外出與控制乾糧份量,體積大；乾糧顆粒尺寸需相容；保固電源需確認,可攜回候選：非食品、非動物來源、非植物材料；液體/電池/利器/大型品依航空規定處理,https://search.naver.com/search.naver?where=nexearch&query=PetSafe%20Healthy%20Pet%20Simply%20Feed%20%EC%9E%90%EB%8F%99%EA%B8%89%EC%8B%9D%EA%B8%B0,https://shopee.tw/search?keyword=PetSafe%20Simply%20Feed,韓國來源以跨境賣場為主；原清單ID：KCAT100-087,keep,medium,Taiwan medium,PetSafe Simply Feed 台灣代購/蝦皮可搜尋,品牌可信但台韓熱度一般。,0,88
第三輪新增,KCAT-NOLITTER-072,餵食/飲水工具,B｜可順手買,medium,Homerunpet 無線泵循環飲水機 2L,호머런펫 무선펌프 고양이 정수기 2L,Homerunpet,靜音飲水機,Naver Shopping / Freeship跨境賣場 / Coupang搜尋,"約90,000–150,000 KRW",台灣蝦皮可見Homerunpet飲水機/濾芯,無線泵設計較好清洗，適合在意馬達線髒污的家庭,需確認濾芯供應、馬達替換、電壓與保固,可攜回候選：非食品、非動物來源、非植物材料；液體/電池/利器/大型品依航空規定處理,https://search.naver.com/search.naver?where=nexearch&query=Homerunpet%20%EA%B3%A0%EC%96%91%EC%9D%B4%20%EC%A0%95%EC%88%98%EA%B8%B0,https://shopee.tw/search?keyword=Homerunpet%20%E9%A3%B2%E6%B0%B4%E6%A9%9F,韓國多為跨境/進口頁，需確認整機；原清單ID：KCAT100-091,keep,medium,Taiwan medium,Homerunpet 台灣蝦皮/搜尋可見,無線泵賣點明確但不高排。,0,89
第三輪新增,KCAT-NOLITTER-073,餵食/飲水工具,B｜可順手買,weak,Nina Ottosson Rainy Day Cat Puzzle 貓益智餵食盤,니나오토슨 레이니데이 캣 퍼즐,Nina Ottosson / Outward Hound,益智慢食/嗅聞餵食玩具,Naver Shopping / Coupang / 進口寵物用品店,"約25,000–45,000 KRW",台灣可見Nina Ottosson系列,非食品但能提升進食互動、消耗精力,需人在旁監督，避免咬小零件,可攜回候選：非食品、非動物來源、非植物材料；液體/電池/利器/大型品依航空規定處理,https://search.naver.com/search.naver?where=nexearch&query=Nina%20Ottosson%20Rainy%20Day%20Cat%20%ED%8D%BC%EC%A6%90,https://shopee.tw/search?keyword=Nina%20Ottosson%20Cat%20Puzzle,韓國搜尋會混入犬用版，需確認Cat款；原清單ID：KCAT100-092,keep,medium,Taiwan medium,Nina Ottosson 品牌台灣搜尋/進口可見,益智餵食盤品牌有口碑，低順位保留。,0,90
第三輪新增,KCAT-NOLITTER-074,餵食/飲水工具,B｜可順手買,weak,Nina Ottosson Buggin’ Out Cat Puzzle 貓益智餵食盤,니나오토슨 버긴아웃 캣 퍼즐,Nina Ottosson / Outward Hound,益智慢食/藏食玩具,Naver Shopping / Coupang / 進口寵物用品店,"約25,000–50,000 KRW",台灣蝦皮/代購可見同品牌貓款,體積輕可當伴手禮，對貪吃貓可延長進食時間,需搭配乾糧/零食使用；本品不含食品,可攜回候選：非食品、非動物來源、非植物材料；液體/電池/利器/大型品依航空規定處理,https://search.naver.com/search.naver?where=nexearch&query=Nina%20Ottosson%20Buggin%20Out%20Cat%20Puzzle%20%EA%B3%A0%EC%96%91%EC%9D%B4,https://shopee.tw/search?keyword=Buggin%20Out%20Cat%20Puzzle,需比對款式；原清單ID：KCAT100-093,keep,medium,Taiwan medium,Nina Ottosson Buggin Out 台灣搜尋可見,款式需核對但品牌/品類合理。,0,91
第三輪新增,KCAT-NOLITTER-077,外出旅行,C｜先觀望,medium,Sleepypod Air 機艙型寵物旅行包,슬리피팟 에어 이동가방,Sleepypod,機艙旅行包/車用安全包,Gmarket / Coupang海外直購 / Naver搜尋,"約500,000–560,000 KRW",台灣少量代購/海外購,高階旅行包，主打機艙與車用安全,非常貴；需確認航空公司尺寸；大貓不一定舒適,可攜回候選：非食品、非動物來源、非植物材料；液體/電池/利器/大型品依航空規定處理,https://www.gmarket.co.kr/n/search?keyword=sleepypod,https://sleepypod.com/products/sleepypod-air,韓國多為海外直購高價；原清單ID：KCAT100-096,keep,medium,Taiwan medium,Sleepypod 全球高端口碑，台灣進口搜尋可見,高端旅行包低順位保留。,0,92
第三輪新增,KCAT-NOLITTER-079,梳毛清潔工具,B｜可順手買,medium,Pawise 貓狗用除毛按摩手套,파와이즈 그루밍 장갑,Pawise,梳毛手套/按摩除毛工具,Naver Shopping / Coupang / Danawa搜尋,"約7,000–15,000 KRW",台灣蝦皮可見Pawise或同類梳毛手套,輕巧便宜無液體，怕梳子的貓可先用手套,長毛打結效果有限；矽膠齒勿過度拉扯,可攜回候選：非食品、非動物來源、非植物材料；液體/電池/利器/大型品依航空規定處理,https://search.danawa.com/dsearch.php?query=%EA%B3%A0%EC%96%91%EC%9D%B4%EA%B7%B8%EB%A3%A8%EB%B0%8D%EC%9E%A5%EA%B0%91,https://shopee.tw/search?keyword=Pawise%20%E6%A2%B3%E6%AF%9B%E6%89%8B%E5%A5%97,泛用手套，需確認尺寸；原清單ID：KCAT100-098,keep,medium,Korea/Taiwan medium,Pawise grooming glove 台韓搜尋可見,需求穩定但品牌差異化普通。,0,93
第四輪新增,KCAT-POP-072,砂盆,B,high,pidan Igloo 雪屋貓砂盆,피단 이글루 고양이 화장실,pidan,封閉式貓砂盆,Danawa / open market,"119,000 KRW observed",momo/search marketplace,外型設計佳，降低外帶砂與視覺雜亂,入口/內部尺寸需對大型貓確認,可攜回候選：非食品、非貓砂本體、非植物/動物來源材料；大型/電子/利器依航空與保固規範處理,https://search.danawa.com/dsearch.php?query=%ED%94%BC%EB%8B%A8%20%EC%9D%B4%EA%B8%80%EB%A3%A8%20%EA%B3%A0%EC%96%91%EC%9D%B4%20%ED%99%94%EC%9E%A5%EC%8B%A4,https://www.momoshop.com.tw/search/pidan%20igloo%20%E8%B2%93%E7%A0%82%E7%9B%86?viewport=desktop,Naver/Coupang blocked,keep,medium,KR exact product count,Danawa 13,pidan 貓用品品牌與精準韓國商品數支撐保留。,0,94
第四輪新增,KCAT-POP-073,砂盆,B,high,IRIS OHYAMA 頂入式貓砂盆 PUNT-530,아이리스오야마 탑엔트리 고양이 화장실 PUNT-530,IRIS OHYAMA,頂入式貓砂盆,Danawa / open market,"191,300 KRW observed",momo IRIS cat-litter-box listings,減少撥砂外濺，上開式節省視覺空間,幼貓/高齡貓不一定適合頂入,可攜回候選：非食品、非貓砂本體、非植物/動物來源材料；大型/電子/利器依航空與保固規範處理,https://search.danawa.com/dsearch.php?query=%EC%95%84%EC%9D%B4%EB%A6%AC%EC%8A%A4%20%ED%83%91%EC%97%94%ED%8A%B8%EB%A6%AC%20%EA%B3%A0%EC%96%91%EC%9D%B4%20%ED%99%94%EC%9E%A5%EC%8B%A4,https://www.momoshop.com.tw/search/IRIS%20%E8%B2%93%E7%A0%82%E7%9B%86?viewport=desktop,Naver/Coupang blocked,keep,medium,TW IRIS category depth,Danawa 1; momo 30,IRIS 品牌在台灣貓砂盆通路深，精準型號韓國可見。,0,95
第四輪新增,KCAT-POP-074,砂盆,B,high,Unicharm DeoToilet 貓用消臭廁所本體,유니참 데오토일렛 고양이 화장실 본체,Unicharm,雙層消臭貓砂盆本體,Danawa / LG Unicharm sellers,"44,600–52,900 KRW",momo Unicharm Deotoilet listing,雙層尿墊系統可降低尿味、清理分離,Starter set 可能含砂/墊；帶回需只選本體或安全配件,可攜回候選：非食品、非貓砂本體、非植物/動物來源材料；大型/電子/利器依航空與保固規範處理,https://search.danawa.com/dsearch.php?query=%EC%9C%A0%EB%8B%88%EC%B0%B8%20%EB%8D%B0%EC%98%A4%ED%86%A0%EC%9D%BC%EB%A0%9B%20%EB%B3%B8%EC%B2%B4,https://www.momoshop.com.tw/search/Unicharm%20Deotoilet?viewport=desktop,避免把貓砂/尿墊耗材納入攜回主清單,keep,medium,Cross-market exact listings,Danawa 3/4; momo 1,知名貓廁所系統，韓台都有精準通路線索。,0,96
第四輪新增,KCAT-POP-078,清潔周邊,B,high,pidan 雙層蜂巢貓砂墊,피단 고양이 모래매트,pidan,貓砂墊/落砂收集墊,Danawa / open market,"27,500–48,120 KRW",momo pidan/貓砂墊 search,減少帶砂，倒回砂盆清理方便,矽膠/塑膠氣味需通風；尺寸要配砂盆,可攜回候選：非食品、非貓砂本體、非植物/動物來源材料；大型/電子/利器依航空與保固規範處理,https://search.danawa.com/dsearch.php?query=%ED%94%BC%EB%8B%A8%20%EA%B3%A0%EC%96%91%EC%9D%B4%20%EB%AA%A8%EB%9E%98%EB%A7%A4%ED%8A%B8,https://www.momoshop.com.tw/search/pidan%20%E8%B2%93%E7%A0%82%E5%A2%8A?viewport=desktop,Naver/Coupang blocked,keep,medium,TW category + KR exact listings,Danawa 2; momo 30,pidan 貓砂墊為貓用配件，跨市場可見。,0,97
第四輪新增,KCAT-POP-082,砂盆,B,high,LitterLocker LitterBox 360° 高邊貓砂盆,리터락커 리터박스 360 고양이 화장실,LitterLocker,高邊開放式貓砂盆,open market / overseas purchase search,KR exact price not cleanly observed,momo LitterLocker 360 exact listings,高邊防噴砂，搭配同牌防臭桶形成清理系統,韓國可得性弱；砂盆較 bulky,可攜回候選：非食品、非貓砂本體、非植物/動物來源材料；大型/電子/利器依航空與保固規範處理,https://search.danawa.com/dsearch.php?query=%EB%A6%AC%ED%84%B0%EB%9D%BD%EC%BB%A4%20360%20%EA%B3%A0%EC%96%91%EC%9D%B4%20%ED%99%94%EC%9E%A5%EC%8B%A4,https://www.momoshop.com.tw/search/LitterLocker%20360?viewport=desktop,KR exact availability not cleanly parsed,keep,medium,Taiwan exact listings,momo 2 exact; LitterLocker category 4,台灣精準商品可見，與防臭桶生態相關。,0,98
第四輪新增,KCAT-POP-085,玩具,B,high,Udadamansion 抓不到鼠尾自動逗貓桿,우다다맨숀 못잡겠쥐꼬리 자동낚시대,Udadamansion / 우다다맨숀,自動逗貓桿,PetFriends,"19,900 KRW",台灣未確認,模擬鼠尾移動，降低手動逗貓負擔,線/尾巴配件需收納避免誤食,可攜回候選：非食品、非貓砂本體、非植物/動物來源材料；大型/電子/利器依航空與保固規範處理,https://m.pet-friends.co.kr/product/detail/315617,https://shopee.tw/search?keyword=%E8%B2%93%20%E8%87%AA%E5%8B%95%20%E9%BC%A0%E5%B0%BE%20%E9%80%97%E8%B2%93,,keep,medium,Korea medium,"PetFriends 4.5/5, 98 reviews",接近百則韓國評論，保留中順位。,0,99
第四輪新增,KCAT-POP-089,玩具,B,high,Meongnyangirang Catflix 基本型自動玩具,멍냥이랑 캣플릭스 기본형,멍냥이랑,自動獵捕玩具,PetFriends,"39,000 KRW",台灣未確認,自動隱藏式動作玩具，增加環境豐富化,布套/活動部件需檢查磨耗,可攜回候選：非食品、非貓砂本體、非植物/動物來源材料；大型/電子/利器依航空與保固規範處理,https://m.pet-friends.co.kr/product/detail/184195,https://shopee.tw/search?keyword=Catflix%20%E8%B2%93%20%E8%87%AA%E5%8B%95%20%E7%8E%A9%E5%85%B7,,keep,medium,Korea medium,"PetFriends 4.1/5, 290 reviews",評論數足夠但評分中等，保留中低順位。,0,100
第四輪新增,KCAT-POP-092,貓床/窩,B,high,Yogisso 可折疊超細纖維貓窩睡墊,요기쏘 접이식 극세사 마약 방석 숨숨집 S/M,Yogisso / 요기쏘,折疊躲藏床/睡墊,PetFriends,"35,900 KRW",台灣未確認,可摺疊布質躲藏床，收納方便,微纖維布料需定期清洗；縫線需檢查,可攜回候選：非食品、非貓砂本體、非植物/動物來源材料；大型/電子/利器依航空與保固規範處理,https://m.pet-friends.co.kr/product/detail/185200,https://shopee.tw/search?keyword=%E9%9F%93%E5%9C%8B%20%E6%8A%98%E7%96%8A%20%E8%B2%93%E7%AA%A9%20%E8%B2%93%E5%BA%8A,,keep,medium,Korea medium,"PetFriends 4.7/5, 94 reviews",近百則韓國評論，收納友善。,0,101
第四輪新增,KCAT-POP-093,貓床/窩,B,high,ChocoPetHouse 貓用冰涼屋躲藏窩,초코펫하우스 캣 하우스 아이스 쿨링 얼음 숨숨집,ChocoPetHouse / 초코펫하우스,涼感躲藏窩,PetFriends,"38,800 KRW",台灣有相似涼感貓窩,台灣炎熱潮濕氣候可考慮涼感躲藏窩,需確認涼感墊材質與耐咬性,可攜回候選：非食品、非貓砂本體、非植物/動物來源材料；大型/電子/利器依航空與保固規範處理,https://m.pet-friends.co.kr/product/detail/256240,https://shopee.tw/search?keyword=%E8%B2%93%20%E6%B6%BC%E6%84%9F%20%E8%BA%B2%E8%97%8F%20%E8%B2%93%E7%AA%A9,,keep,medium,Korea medium,"PetFriends 4.7/5, 63 reviews",韓國評分不錯但評論量中等。,0,102
第四輪新增,KCAT-POP-096,玩具,B,high,Best Price LED 雷射逗貓桿,베스트 프라이스 LED 레이져 낚시대,Best Price,LED/雷射玩具,PetFriends,"19,900 KRW",台灣有相似雷射逗貓玩具,手持/LED互動玩具，避開植物/動物材料,雷射不可直射眼睛；需實體獎勵收尾,可攜回候選：非食品、非貓砂本體、非植物/動物來源材料；大型/電子/利器依航空與保固規範處理,https://m.pet-friends.co.kr/product/detail/287188,https://shopee.tw/search?keyword=%E8%B2%93%20LED%20%E9%9B%B7%E5%B0%84%20%E9%80%97%E8%B2%93,,keep,medium,Korea medium,"PetFriends 4.1/5, 302 reviews",評論數高但評分普通，列中順位。,0,103
第四輪新增,KCAT-POP-098,玩具,B,high,Altteulpet TangTangTang-Nyang 打地鼠式貓玩具,알뜰펫 탕탕탕냥 장난감 그린/오렌지,Altteulpet / 알뜰펫,打地鼠式玩具,PetFriends,"14,900 KRW",台灣有相似打地鼠貓玩具,拍打式互動玩具，訓練捕捉反應,共用分類但商品名明確貓用；按鍵/小件需檢查,可攜回候選：非食品、非貓砂本體、非植物/動物來源材料；大型/電子/利器依航空與保固規範處理,https://m.pet-friends.co.kr/product/detail/170886,https://shopee.tw/search?keyword=%E8%B2%93%20%E6%89%93%E5%9C%B0%E9%BC%A0%20%E7%8E%A9%E5%85%B7,Listed in dog/cat shared category,keep,medium,Korea medium,"PetFriends 4.3/5, 125 reviews",100+ 韓國評論，保留中順位。,0,104
第四輪新增,KCAT-POP-100,防逃/家具小物,B,high,SayPet 高款貓防逃安全門 1.5m/1.8m,세이펫 방묘문 높이 1.5m/1.8m,SayPet / 세이펫,貓防逃安全門,PetFriends,"89,900 KRW",台灣有相似高款寵物安全門,高款門欄可降低開門逃脫風險,需量門寬與確認貓跳躍能力；大型不適合行李少者,可攜回候選：非食品、非貓砂本體、非植物/動物來源材料；大型/電子/利器依航空與保固規範處理,https://m.pet-friends.co.kr/product/detail/318974,https://shopee.tw/search?keyword=%E8%B2%93%20%E9%98%B2%E9%80%83%20%E5%AE%89%E5%85%A8%E9%96%80%20150cm,Shared dog/cat safety-door category,keep,medium,Korea medium,"PetFriends 4.9/5, 19 reviews",評論數低但評分優，防逃需求明確。,0,105
第四輪新增,KCAT-POP-102,餵食,B,high,CATLINK FRESH2 SMART 智慧自動餵食器,캣링크 프레시2 스마트 자동급식기,CATLINK,智慧自動餵食器,Naver/Coupang search path; exact blocked,not observed,"momo i_code=12845822, TWD 3999",CATLINK 貓用品生態，app 排程與密封糧倉,韓國 app/插頭/保固需確認,可攜回候選：非食品、非貓砂本體、非植物/動物來源材料；大型/電子/利器依航空與保固規範處理,https://search.shopping.naver.com/search/all?query=CATLINK%20FRESH2%20%EC%9E%90%EB%8F%99%EA%B8%89%EC%8B%9D%EA%B8%B0,https://www.momoshop.com.tw/goods/GoodsDetail.jsp?i_code=12845822,Naver Shopping access restriction,keep,medium,Taiwan momo branded availability + rating,"5.0/5, 2 reviews",CATLINK 品牌明確但評論量低，保留中順位。,0,106
第四輪新增,KCAT-POP-107,飲水,B,high,Catit PIXI 喵精靈智能靜音飲水器 2.5L,하겐 캣잇 PIXI 고양이 정수기 2.5L,Catit,貓用飲水機,SSG Marketplace,"55,840–63,520 KRW",momo Catit PIXI listings,Catit 貓用品品牌，靜音飲水器多色款,需避免買到濾芯-only listing,可攜回候選：非食品、非貓砂本體、非植物/動物來源材料；大型/電子/利器依航空與保固規範處理,https://www.ssg.com/item/itemView.ssg?itemId=1000842619155&siteNo=6004&salestrNo=6005,https://www.momoshop.com.tw/search/Catit%20PIXI%20%E9%A3%B2%E6%B0%B4%E6%A9%9F,Naver blocked; SSG used,keep,medium,Korea SSG multi-listing availability,momo related rating up to 5.0/5 low count,Catit 貓專品牌跨市場可見，非既有 Digger 玩具重複。,0,107
第四輪新增,KCAT-POP-108,飲水,B,high,CATLINK PURE MOBILE 智慧無線飲水機單貓版,캣링크 퓨어 모바일 스마트 무선 정수기 단묘용,CATLINK,智慧無線貓飲水機,Naver Shopping search path; exact blocked,not observed,"momo i_code=13443505, TWD 2188",單貓版 CATLINK 飲水監測生態，無線擺放,app在韓國/台灣支援與保固需確認,可攜回候選：非食品、非貓砂本體、非植物/動物來源材料；大型/電子/利器依航空與保固規範處理,https://search.shopping.naver.com/search/all?query=CATLINK%20PURE%20MOBILE%20%EC%A0%95%EC%88%98%EA%B8%B0,https://www.momoshop.com.tw/goods/GoodsDetail.jsp?i_code=13443505,Naver Shopping access restriction,keep,medium,Taiwan CATLINK retail listing,"4.7/5, 1 review",評論少但 CATLINK 貓專生態與台灣 listing 明確。,0,108
第四輪新增,KCAT-POP-110,外出旅行,B,high,Richell Fine 上掀外出提籠,릿첼 캠핑캐리 파인 더블도어/상부개폐 이동장 M,Richell,上開硬殼外出籠,SSG Marketplace,"92,245–93,070 KRW","momo TP00003100003101, TWD 1560",硬殼上開式，看診友善,狗貓共用尺寸；航空規格需另查,可攜回候選：非食品、非貓砂本體、非植物/動物來源材料；大型/電子/利器依航空與保固規範處理,https://www.ssg.com/item/itemView.ssg?itemId=1000607997214&siteNo=6004&salestrNo=6005,https://www.momoshop.com.tw/TP/TP0000310/goodsDetail/TP00003100003101,,keep,medium,Korea SSG + Taiwan availability,"SSG related 4.8/5, 6 reviews",日系外出籠台韓皆可見，保留中順位。,0,109
第二輪,KCAT-NOLITTER-001,貓砂盆/貓廁所,A｜優先買,medium,Mango 抗菌中型貓砂盆,망고 고양이 항균 리터박스 중형,Mango,塑膠貓砂盆,Pet Friends,待查,未見主流台灣正式通路,非耗材非食品；尺寸合適比帶砂更值得,體積大易壓壞；抗菌不等於免清潔,可攜回候選：非食品、非動物來源、非植物材料；仍需遵守航空/海關規定,https://m.pet-friends.co.kr/product/detail/348205,https://shopee.tw/search?keyword=%EB%A7%9D%EA%B3%A0%20%EA%B3%A0%EC%96%91%EC%9D%B4%20%EB%A6%AC%ED%84%B0%EB%B0%95%EC%8A%A4,原清單ID：KCAT100-009,keep,medium,Korea retailer/search signal,"Korea: Coupang/Naver snippet 5/5, 6 ratings; PetFriends review stat null",韓國零售存在且有少量正向評分；保留但降順位。,-1,110
第二輪,KCAT-NOLITTER-006,排泄物收納/除臭,A｜優先買,medium,Petsnology Litter Zero 貓排泄物密封垃圾桶,펫츠놀로지 고양이 배변 쓰레기통 리터제로,Petsnology,貓砂便便密封收納桶,Coupang / Naver Blog / Naver Shopping,依組合,台灣可見類似品，本品未見主流通路,台灣小坪數公寓臭味暫存實用,耗材袋補充需確認；體積偏大,可攜回候選：非食品、非動物來源、非植物材料；仍需遵守航空/海關規定,https://blog.naver.com/songmin3466/224119738241,https://shopee.tw/search?keyword=Petsnology%20Litter%20Zero,原清單ID：KCAT100-014,keep,medium,Korea blog/retailer presence,No reliable numeric count; Korean blog review,功能適合公寓貓家庭，但硬評論數不足，略降。,-1,111
第三輪新增,KCAT-NOLITTER-046,砂盆,C｜先觀望,medium,CatIdea XL 平板式大貓砂盆,캣아이디어 평판 대형 고양이 화장실 XL,CatIdea / 캣아이디어,塑膠開放式砂盆,Naver Shopping / Coupang,依尺寸/顏色確認,台灣有替代大砂盆；此品牌未見主流通路,非食品非植物，大貓/多貓可考慮韓國大尺寸設計款,體積大不一定適合行李箱,可攜回候選：非食品、非動物來源、非植物材料；液體/電池/利器/大型品依航空規定處理,https://search.naver.com/search.naver?where=nexearch&query=%EC%BA%A3%EC%95%84%EC%9D%B4%EB%94%94%EC%96%B4%20%ED%8F%89%ED%8C%90%20%EB%8C%80%ED%98%95%20%EA%B3%A0%EC%96%91%EC%9D%B4%20%ED%99%94%EC%9E%A5%EC%8B%A4%20XL,https://shopee.tw/search?keyword=CatIdea%20%E8%B2%93%E7%A0%82%E7%9B%86,只適合大行李或寄送；原清單ID：KCAT100-065,keep,medium,Korea review/blog signal,"KR Auction/Naver 4.6/5, 5 ratings + blog",大型砂盆有韓國訊號但低評論且 bulky。,-1,112
第三輪新增,KCAT-NOLITTER-062,防逃/家具小物,C｜先觀望,strong,高款貓咪防逃門,아토주 고양이 방묘문,아토주,金屬/塑膠防逃門,Naver Shopping / SmartStore,"約127,010–257,600 KRW",台灣有相似防逃門，未見同品牌常態代理,適合台灣公寓玄關防逃需求,大件且重；門框尺寸不合無法用,可攜回候選：非食品、非動物來源、非植物材料；液體/電池/利器/大型品依航空規定處理,https://blog.naver.com/nusulab82/223618022501,https://www.google.com/search?q=%E5%8F%B0%E7%81%A3+%EC%95%84%ED%86%A0%EC%A3%BC+%E9%98%B2%E9%80%83%E9%96%80+%E8%B2%93,實際帶回可能需大型行李或海運；原清單ID：KCAT100-081,keep,medium,Korea retailer + blog,"KR Coupang 4.6/5, 11 reviews; installation blogs",防逃需求明確但 bulky，降低順位。,-1,113
第三輪新增,KCAT-NOLITTER-063,防逃/門窗小物,C｜先觀望,strong,陽台用貓狗通行寵物門,요기펫 반려동물 펫도어 베란다,요기펫,陽台/門窗寵物門,Naver Shopping / SmartStore,"約178,000–229,200 KRW",台灣未見同品牌穩定販售,有陽台貓砂盆或分區需求可考慮,大型、價格高；需精準量尺寸,可攜回候選：非食品、非動物來源、非植物材料；液體/電池/利器/大型品依航空規定處理,https://blog.naver.com/winterdiary_22/224310850914,https://www.google.com/search?q=%E5%8F%B0%E7%81%A3+%EC%9A%94%EA%B8%B0%ED%8E%AB+%E5%AF%B5%E7%89%A9%E9%96%80+%E9%99%BD%E5%8F%B0,適合代購/海運候選；原清單ID：KCAT100-082,keep,medium,Korea + Taiwan category,"KR related 4.6/5, 106 reviews; TW PChome category 1,800 results",同類需求明確但安裝/尺寸風險，低順位。,-1,114
第二輪,KCAT-NOLITTER-005,砂盆工具,A｜優先買,weak,Miyoubox 鐵製貓砂鏟,미유박스 철제 똥삽 모래삽 고양이 화장실 배변처리 스쿱,Miyoubox,金屬貓砂鏟,Naver SmartStore,待查,未見主流台灣正式通路,金屬鏟耐用，輕便適合帶回,金屬邊緣包好，建議託運,可攜回；金屬工具建議託運並包覆尖角,https://smartstore.naver.com/main/products/12743060537,https://shopee.tw/search?keyword=%E9%90%B5%E8%A3%BD%20%E8%B2%93%E7%A0%82%E9%8F%9F,原清單ID：KCAT100-013,keep,medium,Korea official listing + blog mention,"Korea: 5/5, 3 reviews; one Naver blog",金屬鏟小眾但可帶回，人氣證據薄，低順位。,-2,115
第三輪新增,KCAT-NOLITTER-054,玩具,B｜可順手買,medium,充電式自動滾動球,고양이 충전식 전동 장난감 볼,MA-HA,電動球,Coupang / Naver Shopping,"約15,000–30,000 KRW",台灣有相似款，未見 MA-HA 常態代理,小型電子玩具易攜帶，比食品更少限制,長毛地毯易卡住；馬達聲可能嚇貓,可攜回候選：非食品、非動物來源、非植物材料；液體/電池/利器/大型品依航空規定處理,https://blog.naver.com/withmiso-/224023343572,https://www.google.com/search?q=%E5%8F%B0%E7%81%A3+MA-HA+%E8%B2%93+%E8%87%AA%E5%8B%95%E7%90%83,確認材質非羊毛/羽毛/貓草款；原清單ID：KCAT100-073,keep,low,Korea/Taiwan category signal,"KR category/near-match 4/5, 1,417 reviews; TW PChome 15 similar",同款證據不足，但電動球類目熱度可支撐低順位保留。,-1,116
